datetime,Nuclear,region,Hydro,Coal,Natural gas,Petroleum,Solar,Other
2022-05-01 00:00:00,3873,FLA,35,3186,20152,0,170,1897
2022-05-01 01:00:00,3871,FLA,37,3080,19679,0,0,1932
2022-05-01 02:00:00,3871,FLA,37,2934,18599,0,0,1936
2022-05-01 03:00:00,3875,FLA,37,2831,16910,0,0,1934
2022-05-01 04:00:00,3876,FLA,36,2695,15051,0,0,1899
2022-05-01 05:00:00,3881,FLA,37,2188,13475,0,0,1864
2022-05-01 06:00:00,3877,FLA,37,1734,12275,0,0,1855
2022-05-01 07:00:00,3884,FLA,37,1559,11307,0,0,1859
2022-05-01 08:00:00,3886,FLA,37,1544,10671,0,0,1850
2022-05-01 09:00:00,3885,FLA,37,1542,10331,0,-1,1814
2022-05-01 10:00:00,3876,FLA,37,1548,10409,0,0,1780
2022-05-01 11:00:00,3889,FLA,37,1608,10723,0,2,1670
2022-05-01 12:00:00,3885,FLA,37,1585,11181,0,433,1712
2022-05-01 13:00:00,3887,FLA,37,1643,12364,0,1916,1799
2022-05-01 14:00:00,3878,FLA,37,1932,13871,0,3006,1917
2022-05-01 15:00:00,3880,FLA,33,2535,15330,0,3572,1925
2022-05-01 16:00:00,3887,FLA,37,2868,16836,0,3869,1923
2022-05-01 17:00:00,3887,FLA,35,3128,19043,0,3584,1931
2022-05-01 18:00:00,3881,FLA,32,3551,20716,0,3409,1984
2022-05-01 19:00:00,3886,FLA,34,3845,21219,0,3613,2096
2022-05-01 20:00:00,3876,FLA,33,4010,22245,0,3167,2173
2022-05-01 21:00:00,3881,FLA,35,4075,23255,22,2163,2141
2022-05-01 22:00:00,3879,FLA,39,3971,23171,47,1802,2155
2022-05-01 23:00:00,3880,FLA,36,3884,22684,0,848,2199
2022-05-02 00:00:00,3880,FLA,36,3886,21805,0,148,2063
2022-05-02 01:00:00,3877,FLA,35,3916,21444,0,0,1943
2022-05-02 02:00:00,3875,FLA,34,3752,19829,0,2,1928
2022-05-02 03:00:00,3883,FLA,34,3511,17604,0,-1,1929
2022-05-02 04:00:00,3883,FLA,34,3101,15144,0,0,1930
2022-05-02 05:00:00,3885,FLA,33,2580,13405,0,0,1871
2022-05-02 06:00:00,3882,FLA,33,1986,12434,0,0,1845
2022-05-02 07:00:00,3880,FLA,32,1770,11490,0,0,1843
2022-05-02 08:00:00,3884,FLA,32,1748,10974,0,0,1800
2022-05-02 09:00:00,3890,FLA,32,1771,11028,0,0,1813
2022-05-02 10:00:00,3872,FLA,32,1849,12005,0,0,1824
2022-05-02 11:00:00,3875,FLA,30,1980,13567,0,1,1907
2022-05-02 12:00:00,3889,FLA,29,2217,14479,0,389,1970
2022-05-02 13:00:00,3889,FLA,32,2539,14645,0,1923,2000
2022-05-02 14:00:00,3886,FLA,33,2829,15373,0,3159,1911
2022-05-02 15:00:00,3885,FLA,31,3110,16727,0,3889,1848
2022-05-02 16:00:00,3890,FLA,30,3439,18325,0,4324,1897
2022-05-02 17:00:00,3884,FLA,31,3661,20306,47,4144,2022
2022-05-02 18:00:00,3873,FLA,32,3943,21853,50,3996,2245
2022-05-02 19:00:00,3872,FLA,32,4168,23144,49,3961,2276
2022-05-02 20:00:00,3872,FLA,31,4360,24477,49,3638,2289
2022-05-02 21:00:00,3869,FLA,32,4469,25369,178,3134,2293
2022-05-02 22:00:00,3873,FLA,38,4471,25982,170,2578,2305
2022-05-02 23:00:00,3869,FLA,36,4428,26032,62,1457,2260
2022-05-03 00:00:00,3875,FLA,36,4114,25382,0,271,2179
2022-05-03 01:00:00,3871,FLA,36,3813,24721,3,1,2086
2022-05-03 02:00:00,3878,FLA,37,3491,23231,0,0,1830
2022-05-03 03:00:00,3885,FLA,37,3013,21012,0,0,1800
2022-05-03 04:00:00,3883,FLA,37,2768,18264,0,0,1888
2022-05-03 05:00:00,3885,FLA,38,2470,15960,0,-1,1649
2022-05-03 06:00:00,3888,FLA,37,2030,14652,0,0,1665
2022-05-03 07:00:00,3887,FLA,37,1788,13632,0,0,1639
2022-05-03 08:00:00,3886,FLA,37,1655,13201,0,0,1569
2022-05-03 09:00:00,3882,FLA,36,1577,13192,0,0,1551
2022-05-03 10:00:00,3890,FLA,38,1558,13953,0,0,1600
2022-05-03 11:00:00,3892,FLA,38,2042,15251,0,0,1651
2022-05-03 12:00:00,3887,FLA,35,2565,15738,1,267,1662
2022-05-03 13:00:00,3881,FLA,37,2783,16136,13,1283,1700
2022-05-03 14:00:00,3882,FLA,34,2844,17056,1,2150,1864
2022-05-03 15:00:00,3883,FLA,33,3146,18010,5,3101,2022
2022-05-03 16:00:00,3889,FLA,35,3497,18935,0,3782,2215
2022-05-03 17:00:00,3881,FLA,38,3771,20447,0,3912,2239
2022-05-03 18:00:00,3880,FLA,38,3948,22070,0,3866,2347
2022-05-03 19:00:00,3876,FLA,37,4034,23698,0,3412,2421
2022-05-03 20:00:00,3881,FLA,37,3789,24770,0,3272,2435
2022-05-03 21:00:00,3873,FLA,37,3804,25727,87,2524,2460
2022-05-03 22:00:00,3877,FLA,39,3882,26006,187,1841,2452
2022-05-03 23:00:00,3871,FLA,39,3900,25865,93,777,2473
2022-05-04 00:00:00,3876,FLA,39,3958,24543,2,155,2531
2022-05-04 01:00:00,3875,FLA,39,4018,23741,0,1,2466
2022-05-04 02:00:00,3883,FLA,39,3951,21800,0,0,2269
2022-05-04 03:00:00,3890,FLA,38,3802,19155,0,0,2134
2022-05-04 04:00:00,3886,FLA,41,3257,16845,0,0,1717
2022-05-04 05:00:00,3889,FLA,40,2551,14927,0,-1,1772
2022-05-04 06:00:00,3889,FLA,39,1809,13917,0,0,1625
2022-05-04 07:00:00,3893,FLA,39,1491,13077,0,0,1556
2022-05-04 08:00:00,3892,FLA,39,1473,12521,0,0,1478
2022-05-04 09:00:00,3878,FLA,38,1472,12467,0,0,1432
2022-05-04 10:00:00,3868,FLA,38,1530,13105,0,0,1614
2022-05-04 11:00:00,3859,FLA,39,2069,14304,0,2,1887
2022-05-04 12:00:00,3873,FLA,35,2429,14760,0,407,1977
2022-05-04 13:00:00,3868,FLA,36,2721,15038,0,1863,2048
2022-05-04 14:00:00,3858,FLA,36,3038,15996,0,2996,2146
2022-05-04 15:00:00,3874,FLA,39,3521,17445,2,3675,2170
2022-05-04 16:00:00,3891,FLA,39,3737,19280,30,4139,2306
2022-05-04 17:00:00,3866,FLA,39,3795,21745,1,4009,2309
2022-05-04 18:00:00,3855,FLA,46,3909,23952,0,3644,2309
2022-05-04 19:00:00,3852,FLA,38,3994,25289,0,3736,2385
2022-05-04 20:00:00,3851,FLA,37,4236,26026,8,3710,2462
2022-05-04 21:00:00,3867,FLA,37,4431,26214,68,3545,2470
2022-05-04 22:00:00,3880,FLA,37,4626,26761,113,2835,2474
2022-05-04 23:00:00,3875,FLA,37,4629,27123,139,1634,2480
2022-05-05 00:00:00,3876,FLA,36,4396,26801,10,296,2317
2022-05-05 01:00:00,3881,FLA,39,4166,25812,0,0,2280
2022-05-05 02:00:00,3868,FLA,39,3910,23980,0,0,2255
2022-05-05 03:00:00,3868,FLA,38,3747,21049,0,0,2210
2022-05-05 04:00:00,3873,FLA,39,3510,17917,0,0,1939
2022-05-05 05:00:00,3872,FLA,40,3053,15677,0,0,1928
2022-05-05 06:00:00,3872,FLA,39,2462,14194,0,0,1868
2022-05-05 07:00:00,3877,FLA,40,2028,13260,0,0,1838
2022-05-05 08:00:00,3877,FLA,39,1952,12610,0,-1,1742
2022-05-05 09:00:00,3881,FLA,39,1870,12457,0,-1,1742
2022-05-05 10:00:00,3891,FLA,40,2008,13031,0,0,1838
2022-05-05 11:00:00,3871,FLA,38,2278,14344,0,1,1905
2022-05-05 12:00:00,3895,FLA,36,2718,14552,0,461,1919
2022-05-05 13:00:00,3889,FLA,37,2971,14930,0,1963,1935
2022-05-05 14:00:00,3896,FLA,38,3304,16031,0,3277,2012
2022-05-05 15:00:00,3878,FLA,37,3717,17835,0,4021,2123
2022-05-05 16:00:00,3881,FLA,39,4012,20216,0,4445,2354
2022-05-05 17:00:00,3884,FLA,39,4116,22931,0,4419,2376
2022-05-05 18:00:00,3866,FLA,41,4172,25206,0,4354,2508
2022-05-05 19:00:00,3870,FLA,40,4395,26672,0,4210,2525
2022-05-05 20:00:00,3862,FLA,40,4650,27645,144,4039,2522
2022-05-05 21:00:00,3870,FLA,39,4826,28185,353,3703,2536
2022-05-05 22:00:00,3860,FLA,39,4893,28214,537,3156,2546
2022-05-05 23:00:00,3867,FLA,39,4914,27948,685,1834,2545
2022-05-06 00:00:00,3853,FLA,38,4807,27730,251,371,2548
2022-05-06 01:00:00,3857,FLA,38,4476,26892,44,0,2529
2022-05-06 02:00:00,3861,FLA,40,4327,24928,0,0,2339
2022-05-06 03:00:00,3856,FLA,39,4081,22094,0,0,2264
2022-05-06 04:00:00,3863,FLA,39,3928,19455,0,0,2076
2022-05-06 05:00:00,3869,FLA,41,3566,16941,0,0,1897
2022-05-06 06:00:00,3866,FLA,41,3212,15359,0,0,1866
2022-05-06 07:00:00,3868,FLA,40,2806,14210,0,0,1842
2022-05-06 08:00:00,3875,FLA,41,2418,13664,0,0,1818
2022-05-06 09:00:00,3871,FLA,40,2246,13454,0,0,1835
2022-05-06 10:00:00,3886,FLA,39,2356,13925,0,-1,1844
2022-05-06 11:00:00,3874,FLA,37,2749,15094,0,4,1881
2022-05-06 12:00:00,3875,FLA,38,3157,15477,0,467,1916
2022-05-06 13:00:00,3877,FLA,38,3446,16320,0,1735,1925
2022-05-06 14:00:00,3874,FLA,39,3692,17683,0,2867,1989
2022-05-06 15:00:00,3873,FLA,40,3785,19598,0,3521,2043
2022-05-06 16:00:00,3876,FLA,39,3896,21155,0,4074,2317
2022-05-06 17:00:00,3872,FLA,39,4223,22468,0,4353,2317
2022-05-06 18:00:00,3881,FLA,41,4468,24170,88,4403,2320
2022-05-06 19:00:00,3885,FLA,41,4514,25932,51,4268,2397
2022-05-06 20:00:00,3879,FLA,43,4631,26819,51,3947,2385
2022-05-06 21:00:00,3877,FLA,43,4616,27738,52,3355,2366
2022-05-06 22:00:00,3878,FLA,42,4543,28250,52,2489,2387
2022-05-06 23:00:00,3871,FLA,43,4461,28037,20,1351,2418
2022-05-07 00:00:00,3879,FLA,40,4380,27207,0,275,2416
2022-05-07 01:00:00,3870,FLA,41,4272,25881,0,2,2434
2022-05-07 02:00:00,3877,FLA,41,4203,23791,4,0,2390
2022-05-07 03:00:00,3866,FLA,41,3991,22159,2,0,2350
2022-05-07 04:00:00,3877,FLA,40,3749,20139,0,0,2083
2022-05-07 05:00:00,3889,FLA,40,3289,18201,24,1,1871
2022-05-07 06:00:00,3885,FLA,39,2661,17048,0,0,1743
2022-05-07 07:00:00,3891,FLA,38,2255,16232,0,0,1699
2022-05-07 08:00:00,3879,FLA,39,2091,15652,0,0,1704
2022-05-07 09:00:00,3888,FLA,38,1928,15298,0,0,1701
2022-05-07 10:00:00,3892,FLA,38,1852,15027,0,0,1691
2022-05-07 11:00:00,3895,FLA,38,1837,15319,0,2,1748
2022-05-07 12:00:00,3899,FLA,39,1836,15412,0,369,1765
2022-05-07 13:00:00,3897,FLA,34,2012,16899,0,1381,1753
2022-05-07 14:00:00,3896,FLA,35,2185,18740,31,2214,1840
2022-05-07 15:00:00,3899,FLA,32,2473,20446,0,2752,1900
2022-05-07 16:00:00,3897,FLA,31,2748,21711,0,3094,1934
2022-05-07 17:00:00,3897,FLA,32,2746,22230,0,3367,2056
2022-05-07 18:00:00,3898,FLA,34,2908,23761,0,3308,2092
2022-05-07 19:00:00,3894,FLA,33,3045,24090,0,3215,2078
2022-05-07 20:00:00,3896,FLA,31,3158,24401,0,3149,2091
2022-05-07 21:00:00,3891,FLA,32,3199,24259,0,3144,2105
2022-05-07 22:00:00,3883,FLA,34,3235,24311,40,2839,2096
2022-05-07 23:00:00,3883,FLA,32,3194,24071,50,1752,2121
2022-05-08 00:00:00,3894,FLA,34,3263,23534,19,367,2145
2022-05-08 01:00:00,3885,FLA,38,3373,22779,0,1,2081
2022-05-08 02:00:00,3888,FLA,38,3313,20913,0,0,2106
2022-05-08 03:00:00,3892,FLA,38,3221,18858,0,0,2075
2022-05-08 04:00:00,3888,FLA,38,2995,17316,0,2,2080
2022-05-08 05:00:00,3901,FLA,38,2471,15823,0,0,1754
2022-05-08 06:00:00,3889,FLA,38,2092,14572,0,0,1757
2022-05-08 07:00:00,3895,FLA,37,1795,13534,0,0,1662
2022-05-08 08:00:00,3904,FLA,38,1562,12901,0,0,1557
2022-05-08 09:00:00,3894,FLA,36,1481,12554,0,0,1441
2022-05-08 10:00:00,3898,FLA,38,1463,12469,0,0,1361
2022-05-08 11:00:00,3897,FLA,37,1518,12560,0,5,1454
2022-05-08 12:00:00,3900,FLA,37,1508,12760,0,523,1460
2022-05-08 13:00:00,3906,FLA,38,1756,13866,0,2085,1690
2022-05-08 14:00:00,3898,FLA,35,2234,15211,0,3311,1910
2022-05-08 15:00:00,3905,FLA,36,2586,16932,15,4003,1966
2022-05-08 16:00:00,3906,FLA,35,2740,18546,0,4511,2055
2022-05-08 17:00:00,3904,FLA,35,3044,20014,0,4575,2154
2022-05-08 18:00:00,3904,FLA,35,3383,21281,0,4560,2184
2022-05-08 19:00:00,3902,FLA,36,3705,22485,0,4464,2222
2022-05-08 20:00:00,3898,FLA,36,3808,23279,0,4323,2239
2022-05-08 21:00:00,3891,FLA,36,3879,23893,0,3994,2245
2022-05-08 22:00:00,3893,FLA,37,3900,24433,0,3340,2232
2022-05-08 23:00:00,3883,FLA,34,3843,24767,0,2059,2224
2022-05-09 00:00:00,3882,FLA,34,3630,24859,0,479,2227
2022-05-09 01:00:00,2983,FLA,37,3441,26256,0,5999,2260
2022-05-09 02:00:00,2981,FLA,35,3384,27006,0,6000,2045
2022-05-09 03:00:00,2983,FLA,35,2981,24898,0,6000,1877
2022-05-09 04:00:00,2985,FLA,36,2519,20521,0,6000,1874
2022-05-09 05:00:00,3881,FLA,36,2319,16375,0,0,1405
2022-05-09 06:00:00,3889,FLA,35,2058,14912,0,0,1266
2022-05-09 07:00:00,3901,FLA,35,1819,13939,0,0,1168
2022-05-09 08:00:00,3891,FLA,36,1596,13268,0,-1,1139
2022-05-09 09:00:00,3893,FLA,35,1515,13123,0,0,1143
2022-05-09 10:00:00,3893,FLA,36,1624,13778,0,0,1173
2022-05-09 11:00:00,3890,FLA,37,1862,15211,0,5,1172
2022-05-09 12:00:00,3886,FLA,37,2077,15394,0,585,1186
2022-05-09 13:00:00,3891,FLA,33,2199,15407,0,2202,1290
2022-05-09 14:00:00,3885,FLA,34,1760,16258,0,3358,1410
2022-05-09 15:00:00,3886,FLA,34,3226,17606,0,3835,1461
2022-05-09 16:00:00,3888,FLA,36,2671,19297,0,4057,1577
2022-05-09 17:00:00,3880,FLA,34,2814,20651,0,4095,1651
2022-05-09 18:00:00,3889,FLA,32,2782,21945,0,4164,1698
2022-05-09 19:00:00,3887,FLA,33,2866,23049,0,4038,1711
2022-05-09 20:00:00,3889,FLA,32,2956,23862,0,3923,1765
2022-05-09 21:00:00,3873,FLA,32,3087,24590,0,3654,1792
2022-05-09 22:00:00,3877,FLA,39,3205,25131,0,2923,1801
2022-05-09 23:00:00,3890,FLA,32,3246,25225,0,1908,1831
2022-05-10 00:00:00,3884,FLA,32,3239,24742,0,424,1813
2022-05-10 01:00:00,3878,FLA,32,3133,23970,0,1,1752
2022-05-10 02:00:00,3884,FLA,33,3001,21982,0,10,1700
2022-05-10 03:00:00,3876,FLA,32,2895,19250,0,-1,1623
2022-05-10 04:00:00,3880,FLA,33,2703,16585,0,0,1473
2022-05-10 05:00:00,3875,FLA,32,2535,14335,0,0,1478
2022-05-10 06:00:00,3889,FLA,33,2107,13068,0,0,1384
2022-05-10 07:00:00,3884,FLA,33,1776,12222,0,0,1402
2022-05-10 08:00:00,3881,FLA,33,1716,11574,0,0,1393
2022-05-10 09:00:00,3885,FLA,33,1717,11474,0,0,1424
2022-05-10 10:00:00,3887,FLA,32,1837,12122,0,0,1424
2022-05-10 11:00:00,3884,FLA,33,1936,13696,0,3,1461
2022-05-10 12:00:00,3891,FLA,33,2033,14132,0,622,1467
2022-05-10 13:00:00,3887,FLA,33,2119,13813,0,2243,1484
2022-05-10 14:00:00,3885,FLA,34,2112,14282,3,3413,1540
2022-05-10 15:00:00,3886,FLA,33,2202,15246,9,3977,1548
2022-05-10 16:00:00,3887,FLA,33,2204,16273,0,4434,1596
2022-05-10 17:00:00,3885,FLA,34,2368,17246,0,4761,1615
2022-05-10 18:00:00,3890,FLA,35,2734,18160,0,4805,1683
2022-05-10 19:00:00,3892,FLA,34,3303,18962,0,4817,1778
2022-05-10 20:00:00,3888,FLA,34,3743,19910,0,4809,1831
2022-05-10 21:00:00,3880,FLA,35,4132,20918,0,4442,1866
2022-05-10 22:00:00,3884,FLA,35,4306,21851,0,3684,1878
2022-05-10 23:00:00,3888,FLA,45,4337,22544,0,2286,1855
2022-05-11 00:00:00,3892,FLA,34,4271,22373,0,486,1743
2022-05-11 01:00:00,3887,FLA,34,3976,21694,0,2,1702
2022-05-11 02:00:00,3890,FLA,34,3758,19918,0,0,1667
2022-05-11 03:00:00,3890,FLA,34,3434,17464,0,0,1587
2022-05-11 04:00:00,3882,FLA,34,2693,15040,0,0,1597
2022-05-11 05:00:00,3896,FLA,35,2010,13193,0,0,1272
2022-05-11 06:00:00,3887,FLA,34,1671,11800,0,-1,1175
2022-05-11 07:00:00,3889,FLA,34,1519,10941,0,0,1163
2022-05-11 08:00:00,3896,FLA,35,1518,10438,0,0,1146
2022-05-11 09:00:00,3889,FLA,35,1521,10512,0,0,1111
2022-05-11 10:00:00,3892,FLA,34,1587,11312,0,0,1201
2022-05-11 11:00:00,3893,FLA,35,1770,12863,0,9,1281
2022-05-11 12:00:00,3903,FLA,35,1930,13308,0,574,1284
2022-05-11 13:00:00,3891,FLA,34,1981,13022,0,2249,1336
2022-05-11 14:00:00,3882,FLA,35,2102,13223,0,3559,1452
2022-05-11 15:00:00,3891,FLA,34,2620,14017,0,4181,1487
2022-05-11 16:00:00,3892,FLA,32,2910,15229,7,4393,1576
2022-05-11 17:00:00,3896,FLA,32,3323,16187,0,4472,1621
2022-05-11 18:00:00,3892,FLA,32,3501,17331,0,4529,1668
2022-05-11 19:00:00,3901,FLA,31,3694,18215,0,4559,1885
2022-05-11 20:00:00,3894,FLA,31,3999,18854,0,4560,2118
2022-05-11 21:00:00,3895,FLA,31,4256,19838,4,4118,2224
2022-05-11 22:00:00,3898,FLA,37,4314,20556,50,3424,2253
2022-05-11 23:00:00,3897,FLA,30,4353,20988,50,2131,2265
2022-05-12 00:00:00,3893,FLA,31,4273,21489,22,480,2219
2022-05-12 01:00:00,3886,FLA,31,4076,20988,0,2,2201
2022-05-12 02:00:00,3891,FLA,31,3886,19530,0,0,2146
2022-05-12 03:00:00,3894,FLA,31,3637,17046,0,0,2061
2022-05-12 04:00:00,3901,FLA,30,2981,14616,0,0,1920
2022-05-12 05:00:00,3893,FLA,31,2184,13019,0,0,1839
2022-05-12 06:00:00,3894,FLA,32,1801,12147,0,0,1384
2022-05-12 07:00:00,3894,FLA,31,1651,11169,0,0,1320
2022-05-12 08:00:00,3894,FLA,31,1587,10696,0,0,1289
2022-05-12 09:00:00,3895,FLA,32,1575,10578,0,-1,1313
2022-05-12 10:00:00,3895,FLA,32,1577,11188,0,0,1639
2022-05-12 11:00:00,3899,FLA,31,1833,12488,0,4,1829
2022-05-12 12:00:00,3885,FLA,32,2038,12839,0,644,1853
2022-05-12 13:00:00,3904,FLA,32,2108,12845,0,2216,1839
2022-05-12 14:00:00,3899,FLA,32,2185,13604,0,3422,1498
2022-05-12 15:00:00,3892,FLA,32,2496,14905,0,3865,1397
2022-05-12 16:00:00,3886,FLA,33,2815,16053,0,4114,1480
2022-05-12 17:00:00,3884,FLA,33,3331,17377,0,3996,1552
2022-05-12 18:00:00,3888,FLA,33,3557,18744,2,3817,1647
2022-05-12 19:00:00,3867,FLA,33,3789,19953,0,3682,1704
2022-05-12 20:00:00,3865,FLA,34,4205,20660,3,3494,1712
2022-05-12 21:00:00,3871,FLA,33,4414,21261,0,3107,1811
2022-05-12 22:00:00,3861,FLA,36,4576,21548,0,2536,1851
2022-05-12 23:00:00,3870,FLA,32,4560,21441,0,1395,2060
2022-05-13 00:00:00,3871,FLA,32,4341,21079,0,276,2172
2022-05-13 01:00:00,3872,FLA,33,4217,20684,0,0,2146
2022-05-13 02:00:00,3867,FLA,32,3940,19321,0,0,2105
2022-05-13 03:00:00,3874,FLA,32,3427,17278,0,0,2031
2022-05-13 04:00:00,3883,FLA,33,2981,14823,0,2,2015
2022-05-13 05:00:00,3884,FLA,32,2546,13039,0,0,1866
2022-05-13 06:00:00,3897,FLA,33,2021,12048,0,0,1833
2022-05-13 07:00:00,3888,FLA,33,1706,11284,0,1,1795
2022-05-13 08:00:00,3889,FLA,32,1620,10928,0,-1,1699
2022-05-13 09:00:00,3891,FLA,33,1607,10876,0,0,1628
2022-05-13 10:00:00,3890,FLA,33,1690,11501,0,0,1828
2022-05-13 11:00:00,3891,FLA,33,1959,12751,0,4,1998
2022-05-13 12:00:00,3893,FLA,33,2230,13610,0,487,2025
2022-05-13 13:00:00,3890,FLA,32,2495,14027,0,1776,2045
2022-05-13 14:00:00,3893,FLA,33,2577,14714,0,2995,2043
2022-05-13 15:00:00,3890,FLA,31,2662,16286,0,3636,1749
2022-05-13 16:00:00,3889,FLA,31,2858,17769,0,3971,1848
2022-05-13 17:00:00,3896,FLA,31,3066,19739,0,3848,1761
2022-05-13 18:00:00,3893,FLA,31,3271,21371,1,3496,1824
2022-05-13 19:00:00,3887,FLA,30,3327,22216,0,3486,1978
2022-05-13 20:00:00,3891,FLA,31,3422,22864,0,3394,1984
2022-05-13 21:00:00,3888,FLA,30,3409,23977,0,2823,1851
2022-05-13 22:00:00,3886,FLA,30,3373,24319,0,2079,2205
2022-05-13 23:00:00,3885,FLA,30,3377,24160,0,1197,2115
2022-05-14 00:00:00,3883,FLA,30,3037,23465,0,306,2070
2022-05-14 01:00:00,3875,FLA,31,2859,22509,0,2,2017
2022-05-14 02:00:00,3884,FLA,30,2430,21348,6,0,1966
2022-05-14 03:00:00,3884,FLA,31,2044,19496,24,0,1911
2022-05-14 04:00:00,3886,FLA,30,1792,17060,0,0,1965
2022-05-14 05:00:00,3884,FLA,30,1678,14741,0,0,1806
2022-05-14 06:00:00,3886,FLA,31,1625,13039,0,0,1773
2022-05-14 07:00:00,3889,FLA,31,1592,11924,0,0,1731
2022-05-14 08:00:00,3880,FLA,30,1561,11236,0,0,1734
2022-05-14 09:00:00,3880,FLA,31,1549,10975,0,0,1691
2022-05-14 10:00:00,3891,FLA,30,1539,11130,0,0,1649
2022-05-14 11:00:00,3887,FLA,31,1540,11614,0,3,1614
2022-05-14 12:00:00,3881,FLA,30,1603,12214,0,604,1629
2022-05-14 13:00:00,3894,FLA,31,1878,13047,0,2157,1806
2022-05-14 14:00:00,3893,FLA,31,2086,14676,0,3364,1963
2022-05-14 15:00:00,3891,FLA,29,2358,16460,0,4123,2039
2022-05-14 16:00:00,3891,FLA,30,2813,18300,2,4429,2238
2022-05-14 17:00:00,3886,FLA,28,3170,20471,0,4360,2317
2022-05-14 18:00:00,3885,FLA,28,3372,22359,0,4136,2383
2022-05-14 19:00:00,3883,FLA,28,3474,23646,0,3978,2393
2022-05-14 20:00:00,3879,FLA,28,3682,24220,48,3889,2392
2022-05-14 21:00:00,3875,FLA,28,4001,24399,52,3511,2385
2022-05-14 22:00:00,3875,FLA,36,3901,24889,51,2885,2380
2022-05-14 23:00:00,3869,FLA,27,3633,25243,51,1821,2343
2022-05-15 00:00:00,3874,FLA,27,3378,24887,47,409,2291
2022-05-15 01:00:00,3866,FLA,28,3138,23786,41,2,2170
2022-05-15 02:00:00,3861,FLA,27,2755,22495,0,0,2071
2022-05-15 03:00:00,3872,FLA,28,2305,20642,0,0,1972
2022-05-15 04:00:00,3872,FLA,27,2011,18532,0,0,1885
2022-05-15 05:00:00,3872,FLA,28,1717,16405,0,5,1721
2022-05-15 06:00:00,3874,FLA,28,1551,14872,0,1,1725
2022-05-15 07:00:00,3875,FLA,28,1508,13688,0,1,1723
2022-05-15 08:00:00,3884,FLA,28,1526,12904,0,0,1712
2022-05-15 09:00:00,3884,FLA,28,1515,12333,0,0,1716
2022-05-15 10:00:00,3883,FLA,27,1504,12188,0,-1,1715
2022-05-15 11:00:00,3886,FLA,27,1500,12395,0,4,1777
2022-05-15 12:00:00,3876,FLA,28,1552,12883,0,424,1744
2022-05-15 13:00:00,3875,FLA,29,1630,14164,0,1731,1726
2022-05-15 14:00:00,3889,FLA,29,1880,15763,0,3167,1804
2022-05-15 15:00:00,3886,FLA,28,2299,17701,0,3954,1988
2022-05-15 16:00:00,3888,FLA,28,2710,19928,0,4295,2125
2022-05-15 17:00:00,3882,FLA,22,3113,22350,0,3974,2242
2022-05-15 18:00:00,3875,FLA,22,3526,23875,0,3841,2237
2022-05-15 19:00:00,3874,FLA,21,3409,24963,0,3802,2239
2022-05-15 20:00:00,3873,FLA,22,3486,25311,0,3684,2234
2022-05-15 21:00:00,3872,FLA,29,3510,25276,31,3212,2257
2022-05-15 22:00:00,3871,FLA,42,3565,25733,50,2421,2221
2022-05-15 23:00:00,3872,FLA,28,3480,25694,50,1465,2188
2022-05-16 00:00:00,3860,FLA,29,3415,24942,53,352,2141
2022-05-16 01:00:00,3873,FLA,29,3223,24336,48,0,2083
2022-05-16 02:00:00,3876,FLA,29,2946,22892,19,0,1963
2022-05-16 03:00:00,3866,FLA,29,2462,20845,0,0,1916
2022-05-16 04:00:00,3870,FLA,28,2079,18231,0,0,1793
2022-05-16 05:00:00,3877,FLA,29,1619,16039,0,0,1718
2022-05-16 06:00:00,3884,FLA,26,1484,14310,0,1,1716
2022-05-16 07:00:00,3877,FLA,22,1504,13242,0,0,1705
2022-05-16 08:00:00,3885,FLA,23,1509,12622,0,0,1692
2022-05-16 09:00:00,3884,FLA,23,1528,12464,0,-1,1667
2022-05-16 10:00:00,3890,FLA,26,1564,13236,0,0,1655
2022-05-16 11:00:00,3868,FLA,25,1568,14701,0,6,1775
2022-05-16 12:00:00,3867,FLA,25,1620,15318,0,584,1756
2022-05-16 13:00:00,3883,FLA,25,1707,15405,0,2180,1789
2022-05-16 14:00:00,3878,FLA,26,1910,16291,0,3355,1884
2022-05-16 15:00:00,3886,FLA,25,2337,17651,0,4071,2047
2022-05-16 16:00:00,3860,FLA,25,2766,19159,0,4523,2283
2022-05-16 17:00:00,3875,FLA,26,3041,21278,0,4541,2343
2022-05-16 18:00:00,3879,FLA,25,3269,23285,0,4622,2390
2022-05-16 19:00:00,3874,FLA,25,3463,24686,0,4503,2415
2022-05-16 20:00:00,3874,FLA,25,3681,25147,0,4226,2406
2022-05-16 21:00:00,3872,FLA,25,3711,25538,47,3754,2406
2022-05-16 22:00:00,3873,FLA,41,3691,26401,48,3094,2403
2022-05-16 23:00:00,3872,FLA,20,3729,26787,34,2109,2418
2022-05-17 00:00:00,3874,FLA,18,3599,26831,0,536,2421
2022-05-17 01:00:00,3871,FLA,19,3404,26085,0,13,2367
2022-05-17 02:00:00,3874,FLA,22,3114,24221,0,10,2252
2022-05-17 03:00:00,3870,FLA,22,2710,21517,0,0,2117
2022-05-17 04:00:00,3875,FLA,24,2328,18848,0,0,1818
2022-05-17 05:00:00,3880,FLA,23,1943,16672,1,0,1670
2022-05-17 06:00:00,3883,FLA,24,1632,15031,0,0,1645
2022-05-17 07:00:00,3879,FLA,24,1571,13665,0,0,1661
2022-05-17 08:00:00,3873,FLA,24,1529,12964,0,-1,1668
2022-05-17 09:00:00,3885,FLA,24,1638,12606,0,-1,1636
2022-05-17 10:00:00,3882,FLA,23,1680,13274,0,0,1646
2022-05-17 11:00:00,3876,FLA,24,1753,14750,0,10,1797
2022-05-17 12:00:00,3876,FLA,24,1836,15517,0,564,1873
2022-05-17 13:00:00,3874,FLA,24,1975,16016,0,2162,1944
2022-05-17 14:00:00,3874,FLA,24,2114,17457,6,3289,2026
2022-05-17 15:00:00,3881,FLA,24,2465,19104,0,3976,2137
2022-05-17 16:00:00,3874,FLA,23,2833,21116,0,4437,2147
2022-05-17 17:00:00,3871,FLA,20,2947,23464,0,4393,2226
2022-05-17 18:00:00,3870,FLA,21,3190,25361,0,4270,2371
2022-05-17 19:00:00,3865,FLA,20,3391,26774,9,4080,2504
2022-05-17 20:00:00,3867,FLA,21,3593,27846,46,3827,2537
2022-05-17 21:00:00,3859,FLA,20,4083,28471,73,3215,2519
2022-05-17 22:00:00,3858,FLA,39,4511,28875,61,2458,2624
2022-05-17 23:00:00,3855,FLA,17,4294,28826,48,1503,2603
2022-05-18 00:00:00,3862,FLA,19,4038,28297,31,336,2565
2022-05-18 01:00:00,3857,FLA,20,3809,27415,0,16,2301
2022-05-18 02:00:00,3862,FLA,20,3581,25646,0,1,2158
2022-05-18 03:00:00,3862,FLA,20,3143,22948,0,1,2009
2022-05-18 04:00:00,3863,FLA,20,2668,20131,0,0,1944
2022-05-18 05:00:00,3868,FLA,20,2050,18133,0,0,1797
2022-05-18 06:00:00,3864,FLA,21,1809,16353,0,0,1783
2022-05-18 07:00:00,3868,FLA,20,1751,15090,0,0,1780
2022-05-18 08:00:00,3871,FLA,21,1752,14168,0,0,1774
2022-05-18 09:00:00,3868,FLA,21,1749,13824,0,0,1764
2022-05-18 10:00:00,3870,FLA,21,1748,14494,0,0,1757
2022-05-18 11:00:00,3867,FLA,21,1877,15726,0,3,1882
2022-05-18 12:00:00,3855,FLA,21,2211,16085,0,426,1979
2022-05-18 13:00:00,3921,FLA,21,2383,16047,0,925,2043
2022-05-18 14:00:00,3913,FLA,21,2843,16371,0,1253,2196
2022-05-18 15:00:00,3886,FLA,21,3110,19418,0,4031,2283
2022-05-18 16:00:00,3869,FLA,23,3379,22079,0,4202,2362
2022-05-18 17:00:00,3861,FLA,25,3583,24937,0,3875,2381
2022-05-18 18:00:00,3863,FLA,27,3585,26688,13,3997,2450
2022-05-18 19:00:00,3862,FLA,27,3788,27669,14,3983,2532
2022-05-18 20:00:00,3861,FLA,26,3908,28455,0,3793,2594
2022-05-18 21:00:00,3857,FLA,27,4100,29247,34,3241,2493
2022-05-18 22:00:00,3862,FLA,37,4536,29290,41,2561,2471
2022-05-18 23:00:00,3862,FLA,22,4539,29136,7,1623,2483
2022-05-19 00:00:00,3859,FLA,25,4542,28052,0,392,2491
2022-05-19 01:00:00,3854,FLA,25,4299,27105,0,3,2417
2022-05-19 02:00:00,3856,FLA,24,3743,25721,0,0,2292
2022-05-19 03:00:00,3864,FLA,24,3151,23426,0,0,2156
2022-05-19 04:00:00,3865,FLA,24,2689,20916,0,0,1869
2022-05-19 05:00:00,3871,FLA,24,2131,18915,0,0,1822
2022-05-19 06:00:00,3869,FLA,24,1969,17130,0,0,1822
2022-05-19 07:00:00,3878,FLA,24,1877,15699,0,0,1831
2022-05-19 08:00:00,3873,FLA,24,1858,14769,0,0,1813
2022-05-19 09:00:00,3879,FLA,24,1739,14526,0,0,1793
2022-05-19 10:00:00,3873,FLA,23,1770,15016,0,0,1834
2022-05-19 11:00:00,3875,FLA,24,1901,16137,0,5,1923
2022-05-19 12:00:00,3875,FLA,25,1942,16866,0,433,2037
2022-05-19 13:00:00,3877,FLA,25,2143,17767,0,1701,2108
2022-05-19 14:00:00,3869,FLA,25,2438,18657,3,2937,2167
2022-05-19 15:00:00,3877,FLA,24,2673,20675,0,3854,2322
2022-05-19 16:00:00,3869,FLA,21,3056,22786,0,4386,2480
2022-05-19 17:00:00,3872,FLA,21,3353,25898,0,4466,2482
2022-05-19 18:00:00,3868,FLA,20,3506,27136,33,4372,2605
2022-05-19 19:00:00,3869,FLA,20,3949,28333,4,4091,2612
2022-05-19 20:00:00,3865,FLA,19,4177,28928,174,3733,2617
2022-05-19 21:00:00,3857,FLA,19,4247,29965,287,2918,2591
2022-05-19 22:00:00,3863,FLA,37,4337,29813,246,2563,2591
2022-05-19 23:00:00,3853,FLA,14,4318,29473,241,1690,2591
2022-05-20 00:00:00,3854,FLA,14,4138,29138,221,380,2566
2022-05-20 01:00:00,3837,FLA,16,3751,28753,73,7,2425
2022-05-20 02:00:00,3849,FLA,17,3558,26764,0,2,2275
2022-05-20 03:00:00,3855,FLA,17,2903,24718,0,0,2150
2022-05-20 04:00:00,3857,FLA,18,2623,22168,0,1,1880
2022-05-20 05:00:00,3849,FLA,17,2206,19986,0,0,1843
2022-05-20 06:00:00,3848,FLA,18,2003,18154,0,0,1779
2022-05-20 07:00:00,3855,FLA,18,1732,16773,0,0,1755
2022-05-20 08:00:00,3853,FLA,17,1702,15618,0,0,1760
2022-05-20 09:00:00,3853,FLA,18,1710,15137,0,0,1743
2022-05-20 10:00:00,3855,FLA,18,1745,15726,0,0,1761
2022-05-20 11:00:00,3846,FLA,18,1664,17152,0,5,1871
2022-05-20 12:00:00,3847,FLA,18,1683,18087,0,272,1914
2022-05-20 13:00:00,3858,FLA,18,1844,19215,0,835,1923
2022-05-20 14:00:00,3860,FLA,20,2127,20441,0,1406,2025
2022-05-20 15:00:00,3858,FLA,24,2493,21240,1,1939,2160
2022-05-20 16:00:00,3854,FLA,24,2916,21647,0,2876,2276
2022-05-20 17:00:00,3863,FLA,24,3164,22624,0,3166,2295
2022-05-20 18:00:00,3857,FLA,27,3493,24288,0,2496,2289
2022-05-20 19:00:00,3852,FLA,26,3606,25427,18,2153,2358
2022-05-20 20:00:00,3858,FLA,25,3717,25214,21,2461,2556
2022-05-20 21:00:00,3856,FLA,27,3891,25034,33,2065,2468
2022-05-20 22:00:00,3856,FLA,36,3941,25080,20,1102,2469
2022-05-20 23:00:00,3851,FLA,24,3800,24263,0,539,2380
2022-05-21 00:00:00,3858,FLA,23,3376,23196,0,184,2309
2022-05-21 01:00:00,3854,FLA,24,3228,22362,0,5,2259
2022-05-21 02:00:00,3842,FLA,25,2972,21174,0,-1,2138
2022-05-21 03:00:00,3862,FLA,24,2555,19707,0,0,2108
2022-05-21 04:00:00,3855,FLA,25,2400,17796,0,0,2044
2022-05-21 05:00:00,3877,FLA,25,2003,16616,0,0,1792
2022-05-21 06:00:00,3877,FLA,25,1823,15597,0,0,1802
2022-05-21 07:00:00,3881,FLA,26,1594,14923,0,0,1765
2022-05-21 08:00:00,3886,FLA,25,1576,14368,0,-1,1727
2022-05-21 09:00:00,3884,FLA,25,1574,14096,0,-1,1683
2022-05-21 10:00:00,3886,FLA,25,1579,14167,0,0,1685
2022-05-21 11:00:00,3885,FLA,25,1576,14588,0,3,1759
2022-05-21 12:00:00,3888,FLA,25,1574,15468,0,355,1732
2022-05-21 13:00:00,3889,FLA,25,1699,16949,0,1260,1808
2022-05-21 14:00:00,3888,FLA,25,2129,18923,0,1835,2068
2022-05-21 15:00:00,3884,FLA,25,2600,21090,0,2175,2192
2022-05-21 16:00:00,3888,FLA,25,2998,22643,0,2669,2295
2022-05-21 17:00:00,3887,FLA,25,3392,23610,0,3342,2330
2022-05-21 18:00:00,3885,FLA,25,3503,24872,18,3678,2337
2022-05-21 19:00:00,3883,FLA,25,3798,26136,50,3605,2369
2022-05-21 20:00:00,3886,FLA,25,4169,26967,52,3166,2386
2022-05-21 21:00:00,3884,FLA,25,4341,27799,46,2052,2402
2022-05-21 22:00:00,3879,FLA,36,4041,27810,27,1129,2427
2022-05-21 23:00:00,3881,FLA,23,3628,27116,0,515,2381
2022-05-22 00:00:00,3879,FLA,23,3196,25590,0,159,2184
2022-05-22 01:00:00,3882,FLA,24,2793,25063,0,1,2091
2022-05-22 02:00:00,3876,FLA,24,2577,23717,19,0,2003
2022-05-22 03:00:00,3882,FLA,26,2281,21975,0,0,1935
2022-05-22 04:00:00,3882,FLA,25,2053,19935,0,-1,1872
2022-05-22 05:00:00,3886,FLA,26,1801,18024,0,0,1776
2022-05-22 06:00:00,3883,FLA,25,1530,16683,0,0,1784
2022-05-22 07:00:00,3891,FLA,26,1522,15403,0,0,1786
2022-05-22 08:00:00,3889,FLA,25,1520,14650,0,0,1814
2022-05-22 09:00:00,3874,FLA,26,1551,14317,0,0,1787
2022-05-22 10:00:00,3887,FLA,25,1543,14348,0,0,1752
2022-05-22 11:00:00,3889,FLA,26,1536,14675,0,4,1836
2022-05-22 12:00:00,3893,FLA,25,1578,15293,0,412,1837
2022-05-22 13:00:00,3889,FLA,25,1647,16862,0,1479,1960
2022-05-22 14:00:00,3892,FLA,25,1978,19055,0,2308,2041
2022-05-22 15:00:00,3891,FLA,25,2374,21233,0,3045,2150
2022-05-22 16:00:00,3893,FLA,24,2863,23071,0,3577,2224
2022-05-22 17:00:00,3888,FLA,22,3176,24689,0,3907,2294
2022-05-22 18:00:00,3885,FLA,22,3446,25847,0,3969,2316
2022-05-22 19:00:00,3884,FLA,22,3692,26619,38,4090,2469
2022-05-22 20:00:00,3886,FLA,23,4119,27426,50,3913,2526
2022-05-22 21:00:00,3881,FLA,22,4615,28093,46,3327,2615
2022-05-22 22:00:00,3881,FLA,23,4699,28788,49,2443,2641
2022-05-22 23:00:00,3884,FLA,22,4621,28708,43,1347,2600
2022-05-23 00:00:00,3879,FLA,23,4278,28020,48,326,2482
2022-05-23 01:00:00,3880,FLA,23,3796,28152,48,4,2254
2022-05-23 02:00:00,3877,FLA,23,3180,26919,40,0,2175
2022-05-23 03:00:00,3876,FLA,23,2812,24634,0,0,2046
2022-05-23 04:00:00,3882,FLA,23,2364,22025,0,0,1905
2022-05-23 05:00:00,3884,FLA,23,2039,19777,0,0,1813
2022-05-23 06:00:00,3886,FLA,23,1836,18027,0,0,1803
2022-05-23 07:00:00,3891,FLA,23,1787,16692,0,-1,1807
2022-05-23 08:00:00,3885,FLA,23,1767,15884,0,0,1771
2022-05-23 09:00:00,3885,FLA,23,1782,15730,0,0,1756
2022-05-23 10:00:00,3889,FLA,23,1841,16421,0,0,1805
2022-05-23 11:00:00,3874,FLA,22,1911,17749,0,16,1911
2022-05-23 12:00:00,3883,FLA,23,2011,18610,0,495,1909
2022-05-23 13:00:00,3885,FLA,23,2167,19466,0,1736,1971
2022-05-23 14:00:00,3888,FLA,22,2269,20634,0,2895,2065
2022-05-23 15:00:00,3892,FLA,23,2480,22237,0,3702,2191
2022-05-23 16:00:00,3890,FLA,23,2746,24219,0,4008,2298
2022-05-23 17:00:00,3889,FLA,22,3131,26005,0,4085,2376
2022-05-23 18:00:00,3891,FLA,23,3414,27158,0,4232,2431
2022-05-23 19:00:00,3889,FLA,23,3589,27944,6,3984,2608
2022-05-23 20:00:00,3883,FLA,21,3518,28306,83,3900,2801
2022-05-23 21:00:00,3880,FLA,20,3495,28798,319,3586,2970
2022-05-23 22:00:00,3884,FLA,37,3437,29330,455,2785,3020
2022-05-23 23:00:00,3884,FLA,21,3310,29878,459,1451,2946
2022-05-24 00:00:00,3887,FLA,21,3191,29337,389,343,2738
2022-05-24 01:00:00,3886,FLA,22,3108,28963,85,3,2665
2022-05-24 02:00:00,3887,FLA,22,2817,27236,25,0,2719
2022-05-24 03:00:00,3888,FLA,22,2453,24496,0,-1,2603
2022-05-24 04:00:00,3889,FLA,22,2232,21639,0,0,2457
2022-05-24 05:00:00,3891,FLA,23,1926,19659,0,0,1966
2022-05-24 06:00:00,3891,FLA,23,1782,17973,0,0,1851
2022-05-24 07:00:00,3897,FLA,23,1707,16365,0,0,1835
2022-05-24 08:00:00,3897,FLA,23,1645,15592,0,0,1829
2022-05-24 09:00:00,3895,FLA,24,1663,15289,0,0,1792
2022-05-24 10:00:00,3886,FLA,23,1735,15940,0,0,1795
2022-05-24 11:00:00,3890,FLA,23,1895,17415,0,13,1884
2022-05-24 12:00:00,3894,FLA,23,1907,17818,0,439,1915
2022-05-24 13:00:00,3885,FLA,23,2094,18680,0,1579,1978
2022-05-24 14:00:00,3886,FLA,23,2344,19668,0,2770,2072
2022-05-24 15:00:00,3888,FLA,23,2608,21199,6,3550,2218
2022-05-24 16:00:00,3892,FLA,28,2935,22915,0,3953,2337
2022-05-24 17:00:00,3884,FLA,37,3188,24722,0,4082,2372
2022-05-24 18:00:00,3892,FLA,37,3314,26064,0,4229,2388
2022-05-24 19:00:00,3889,FLA,36,3281,26974,0,4160,2377
2022-05-24 20:00:00,3886,FLA,35,3451,27604,31,4054,2379
2022-05-24 21:00:00,3886,FLA,35,3457,28503,42,3565,2381
2022-05-24 22:00:00,3882,FLA,37,3469,29287,46,2592,2384
2022-05-24 23:00:00,3888,FLA,35,3317,29424,33,1634,2352
2022-05-25 00:00:00,3883,FLA,34,3263,28563,0,422,2296
2022-05-25 01:00:00,3884,FLA,34,3217,27384,0,2,2239
2022-05-25 02:00:00,3885,FLA,34,3064,25822,0,0,2168
2022-05-25 03:00:00,3882,FLA,33,2880,23565,0,0,2061
2022-05-25 04:00:00,3887,FLA,33,2575,21120,0,0,1945
2022-05-25 05:00:00,3891,FLA,33,2201,18824,0,0,1805
2022-05-25 06:00:00,3893,FLA,33,2028,16994,0,0,1810
2022-05-25 07:00:00,3892,FLA,33,1947,15657,0,0,1806
2022-05-25 08:00:00,3895,FLA,33,1907,14894,0,0,1773
2022-05-25 09:00:00,3898,FLA,33,1907,14552,0,-1,1755
2022-05-25 10:00:00,3890,FLA,33,1953,15173,0,0,1802
2022-05-25 11:00:00,3894,FLA,33,2085,16507,0,12,1883
2022-05-25 12:00:00,3889,FLA,33,2049,16973,0,687,1887
2022-05-25 13:00:00,3892,FLA,33,2110,17670,0,2116,1957
2022-05-25 14:00:00,3894,FLA,33,2437,18904,0,3091,2107
2022-05-25 15:00:00,3893,FLA,33,2726,20451,0,3658,2206
2022-05-25 16:00:00,3889,FLA,33,3026,22399,0,3847,2313
2022-05-25 17:00:00,3893,FLA,32,3267,23951,1,3993,2359
2022-05-25 18:00:00,3895,FLA,33,3352,25353,41,4024,2369
2022-05-25 19:00:00,3895,FLA,33,3422,26553,42,4054,2365
2022-05-25 20:00:00,3893,FLA,33,3428,27535,42,3835,2364
2022-05-25 21:00:00,3890,FLA,33,3443,28544,44,3161,2340
2022-05-25 22:00:00,3893,FLA,36,3355,28998,43,2207,2444
2022-05-25 23:00:00,3890,FLA,31,3248,28763,30,1388,2507
2022-05-26 00:00:00,3885,FLA,31,3189,27988,0,492,2492
2022-05-26 01:00:00,3888,FLA,32,3073,27608,0,3,2336
2022-05-26 02:00:00,3884,FLA,32,2940,26007,0,0,2132
2022-05-26 03:00:00,3873,FLA,31,2729,23888,0,-1,2027
2022-05-26 04:00:00,3882,FLA,33,2418,21558,0,0,1920
2022-05-26 05:00:00,3882,FLA,32,2115,19532,0,0,1512
2022-05-26 06:00:00,3895,FLA,32,1823,18159,0,0,1217
2022-05-26 07:00:00,3894,FLA,32,1732,16937,0,0,1220
2022-05-26 08:00:00,3899,FLA,31,1653,16253,0,0,1223
2022-05-26 09:00:00,3890,FLA,32,1625,16033,0,0,1201
2022-05-26 10:00:00,3887,FLA,31,1691,16797,0,0,1242
2022-05-26 11:00:00,3892,FLA,32,1862,17921,0,16,1357
2022-05-26 12:00:00,3903,FLA,31,1900,18491,0,357,1362
2022-05-26 13:00:00,3903,FLA,31,2093,19260,0,1486,1394
2022-05-26 14:00:00,3904,FLA,32,2406,20112,0,2776,1442
2022-05-26 15:00:00,3896,FLA,33,2029,21148,0,3419,1566
2022-05-26 16:00:00,3884,FLA,37,3553,23219,0,4052,1848
2022-05-26 17:00:00,3902,FLA,39,3225,23991,0,4239,2264
2022-05-26 18:00:00,3891,FLA,36,3678,25515,0,4187,2334
2022-05-26 19:00:00,3895,FLA,36,3765,26840,22,4055,2373
2022-05-26 20:00:00,3888,FLA,36,4002,28015,48,3879,2350
2022-05-26 21:00:00,3887,FLA,36,4153,28846,49,3170,2341
2022-05-26 22:00:00,3888,FLA,37,4167,29590,39,2044,2325
2022-05-26 23:00:00,3886,FLA,35,4148,29457,2,1008,2278
2022-05-27 00:00:00,3884,FLA,35,3925,28316,0,247,2253
2022-05-27 01:00:00,3886,FLA,34,3662,27611,0,0,2227
2022-05-27 02:00:00,3890,FLA,35,3304,26072,0,0,2149
2022-05-27 03:00:00,3889,FLA,35,2907,23703,0,0,2016
2022-05-27 04:00:00,3890,FLA,34,2355,21632,0,0,1906
2022-05-27 05:00:00,3895,FLA,35,2010,19349,0,-1,1688
2022-05-27 06:00:00,3895,FLA,34,1740,18061,0,0,1234
2022-05-27 07:00:00,3894,FLA,35,1609,16987,0,0,1243
2022-05-27 08:00:00,3900,FLA,34,1538,16354,0,0,1255
2022-05-27 09:00:00,3898,FLA,35,1424,16320,0,0,1242
2022-05-27 10:00:00,3891,FLA,35,1466,16830,0,0,1261
2022-05-27 11:00:00,3881,FLA,34,1552,17893,0,4,1362
2022-05-27 12:00:00,3895,FLA,35,1606,18478,0,429,1393
2022-05-27 13:00:00,3899,FLA,35,1721,19347,0,1813,1456
2022-05-27 14:00:00,3901,FLA,34,2115,20787,0,2991,1542
2022-05-27 15:00:00,3893,FLA,35,2387,23127,0,3306,1601
2022-05-27 16:00:00,3891,FLA,35,2704,25018,0,3573,1727
2022-05-27 17:00:00,3892,FLA,39,2796,25907,0,3811,2197
2022-05-27 18:00:00,3890,FLA,39,2942,27184,0,3621,2203
2022-05-27 19:00:00,3889,FLA,39,3101,27724,0,3373,2228
2022-05-27 20:00:00,3889,FLA,37,3063,27984,0,2971,2228
2022-05-27 21:00:00,3888,FLA,37,3004,27762,0,2715,2207
2022-05-27 22:00:00,3885,FLA,36,2863,27668,0,2075,2188
2022-05-27 23:00:00,3884,FLA,37,2822,26921,0,1460,2108
2022-05-28 00:00:00,3884,FLA,36,2716,26217,0,485,2066
2022-05-28 01:00:00,3887,FLA,37,2511,25650,0,12,2019
2022-05-28 02:00:00,3882,FLA,36,2220,24802,0,1,1977
2022-05-28 03:00:00,3883,FLA,36,1899,22944,0,0,1935
2022-05-28 04:00:00,3889,FLA,36,1648,21057,0,0,1819
2022-05-28 05:00:00,3884,FLA,36,1468,19262,0,0,1661
2022-05-28 06:00:00,3889,FLA,36,1354,18035,0,0,1193
2022-05-28 07:00:00,3886,FLA,36,1312,16712,0,-1,1165
2022-05-28 08:00:00,3892,FLA,37,1296,15755,0,0,1167
2022-05-28 09:00:00,3896,FLA,36,1303,15297,0,0,1165
2022-05-28 10:00:00,3894,FLA,37,1305,15194,0,0,1181
2022-05-28 11:00:00,3896,FLA,36,1322,15159,0,17,1223
2022-05-28 12:00:00,3894,FLA,36,1459,15536,0,623,1211
2022-05-28 13:00:00,3890,FLA,36,1606,16847,0,2110,1237
2022-05-28 14:00:00,3900,FLA,37,1915,18769,0,2983,1272
2022-05-28 15:00:00,3896,FLA,36,2076,21179,0,3476,1351
2022-05-28 16:00:00,3893,FLA,36,2310,22951,0,3819,1491
2022-05-28 17:00:00,3895,FLA,37,2600,24193,0,3877,1984
2022-05-28 18:00:00,3891,FLA,36,2855,25237,0,4064,2131
2022-05-28 19:00:00,3889,FLA,36,3114,26401,36,3730,2185
2022-05-28 20:00:00,3882,FLA,37,3212,27172,4,3606,2147
2022-05-28 21:00:00,3877,FLA,36,3188,28137,0,3328,2138
2022-05-28 22:00:00,3882,FLA,36,3118,27947,0,2931,2117
2022-05-28 23:00:00,3881,FLA,36,3020,27748,0,1917,2066
2022-05-29 00:00:00,3877,FLA,36,2615,27325,0,639,1922
2022-05-29 01:00:00,3877,FLA,35,2348,26170,0,10,1898
2022-05-29 02:00:00,3877,FLA,36,2320,24409,0,0,1875
2022-05-29 03:00:00,2981,FLA,37,2190,33993,0,6000,1856
2022-05-29 04:00:00,2981,FLA,36,1929,18766,0,6000,1749
2022-05-29 05:00:00,3885,FLA,36,1639,18089,0,0,1683
2022-05-29 06:00:00,3884,FLA,36,1452,16345,0,0,1688
2022-05-29 07:00:00,3882,FLA,37,1384,14911,0,0,1698
2022-05-29 08:00:00,3884,FLA,36,1392,13834,0,0,1623
2022-05-29 09:00:00,3885,FLA,37,1391,13338,0,0,1523
2022-05-29 10:00:00,3882,FLA,36,1322,13048,0,-2,1507
2022-05-29 11:00:00,3883,FLA,36,1298,13070,0,18,1568
2022-05-29 12:00:00,3878,FLA,37,1301,13521,0,777,1578
2022-05-29 13:00:00,3879,FLA,37,1489,14659,0,2336,1716
2022-05-29 14:00:00,3883,FLA,37,1675,16662,0,3512,1805
2022-05-29 15:00:00,3880,FLA,36,2016,18936,0,4182,1845
2022-05-29 16:00:00,3876,FLA,36,2223,21419,0,4637,1964
2022-05-29 17:00:00,3876,FLA,39,2658,23513,0,4682,2093
2022-05-29 18:00:00,3875,FLA,39,2991,25230,0,4460,2179
2022-05-29 19:00:00,3868,FLA,39,3260,25936,0,4258,2262
2022-05-29 20:00:00,3861,FLA,38,3492,26450,0,3741,2293
2022-05-29 21:00:00,3860,FLA,38,3567,26619,32,3130,2298
2022-05-29 22:00:00,3856,FLA,39,3541,26054,48,2469,2221
2022-05-29 23:00:00,3857,FLA,38,3266,25635,43,1646,2165
2022-05-30 00:00:00,3863,FLA,38,3221,24650,12,529,2147
2022-05-30 01:00:00,3865,FLA,37,3101,24050,0,14,2113
2022-05-30 02:00:00,3862,FLA,38,2882,22973,0,0,2045
2022-05-30 03:00:00,3867,FLA,38,2508,20915,0,0,1910
2022-05-30 04:00:00,3873,FLA,38,2142,18948,0,0,1780
2022-05-30 05:00:00,3869,FLA,37,1571,17381,0,0,1698
2022-05-30 06:00:00,3874,FLA,38,1401,15655,0,0,1698
2022-05-30 07:00:00,3874,FLA,38,1326,14473,0,0,1699
2022-05-30 08:00:00,3873,FLA,38,1326,13628,0,0,1693
2022-05-30 09:00:00,3875,FLA,38,1326,13359,0,0,1684
2022-05-30 10:00:00,3864,FLA,38,1323,13463,0,0,1719
2022-05-30 11:00:00,3866,FLA,38,1324,13543,0,16,1754
2022-05-30 12:00:00,3877,FLA,38,1394,13721,0,630,1642
2022-05-30 13:00:00,3877,FLA,38,1529,14574,0,2022,1547
2022-05-30 14:00:00,3864,FLA,38,1782,16286,0,3121,1735
2022-05-30 15:00:00,3876,FLA,38,2130,18586,0,3877,1910
2022-05-30 16:00:00,3870,FLA,38,2380,21274,0,4280,2070
2022-05-30 17:00:00,3869,FLA,38,2957,23320,0,4271,2180
2022-05-30 18:00:00,3870,FLA,38,3285,24661,0,4283,2372
2022-05-30 19:00:00,3860,FLA,37,3428,25967,0,4100,2395
2022-05-30 20:00:00,3866,FLA,38,3606,26389,0,3971,2418
2022-05-30 21:00:00,3857,FLA,38,3701,26631,15,3419,2420
2022-05-30 22:00:00,3868,FLA,37,3788,26849,51,2394,2423
2022-05-30 23:00:00,3867,FLA,38,3372,27019,52,1149,2343
2022-05-31 00:00:00,3866,FLA,37,3752,26761,54,201,2150
2022-05-31 01:00:00,3868,FLA,38,2731,25800,12,3,1989
2022-05-31 02:00:00,3869,FLA,37,2202,24516,0,0,1833
2022-05-31 03:00:00,3867,FLA,38,1915,22092,0,0,1831
2022-05-31 04:00:00,3868,FLA,38,1752,19664,0,0,1797
2022-05-31 05:00:00,3871,FLA,37,1392,17457,0,0,1690
2022-05-31 06:00:00,3873,FLA,38,1302,15803,0,0,1681
2022-05-31 07:00:00,3873,FLA,38,1247,14662,0,0,1636
2022-05-31 08:00:00,3873,FLA,38,1249,14112,0,0,1588
2022-05-31 09:00:00,3877,FLA,39,1250,13804,0,0,1541
2022-05-31 10:00:00,3867,FLA,38,1255,14389,0,0,1616
2022-05-31 11:00:00,3870,FLA,38,1302,15612,0,9,1753
2022-05-31 12:00:00,3870,FLA,38,1426,16516,0,672,1776
2022-05-31 13:00:00,3874,FLA,39,1584,17379,0,2167,1790
2022-05-31 14:00:00,3873,FLA,38,1793,18634,0,3149,1868
2022-05-31 15:00:00,3875,FLA,39,2104,20467,0,3704,1927
2022-05-31 16:00:00,3868,FLA,38,2316,22699,0,3819,1945
2022-05-31 17:00:00,3868,FLA,33,2566,24554,0,4024,2142
2022-05-31 18:00:00,3863,FLA,32,2997,25921,0,4098,2369
2022-05-31 19:00:00,3868,FLA,33,3345,26914,0,3885,2408
2022-05-31 20:00:00,3867,FLA,32,3459,27594,0,3784,2408
2022-05-31 21:00:00,3860,FLA,32,3527,28201,3,3235,2378
2022-05-31 22:00:00,3859,FLA,37,3388,28450,39,2384,2325
2022-05-31 23:00:00,3859,FLA,33,3118,28365,8,1194,2229
