unit,date,year,month,month_date,weekday,coal,oil,gas,nuclear,hydro,wind,solar,other,fossil,low.carbon,total.prod,coal.perc,oil.perc,gas.perc,nuclear.perc,hydro.perc,wind.perc,solar.perc,other.perc,fossil.perc,low.carbon.perc
Gwh,2021-01-01,2021,1,01-01,Friday,0.0,0.0,44.50875,0.0,56.51575,1.169,0.343,7.294,44.50875,65.32175,109.8305,0.0,0.0,0.4052494525655442,0.0,0.5145724548281215,0.010643673660777288,0.0031229940681322585,0.06641142487742475,0.4052494525655442,0.5947505474344558
Gwh,2021-01-02,2021,1,01-02,Saturday,0.0,0.0,47.338,0.0,53.223,17.84,0.339501,7.293,47.338,78.69550100000001,126.033501,0.0,0.0,0.37559854819870475,0.0,0.4222924823773641,0.1415496662272359,0.0026937361678146194,0.05786556702888068,0.37559854819870475,0.6244014518012954
Gwh,2021-01-03,2021,1,01-03,Sunday,0.0,0.0,43.41725,0.0,47.2965,23.536,0.3145,7.293,43.41725,78.44,121.85725,0.0,0.0,0.3562959938780828,0.0,0.38813037385957755,0.19314402713010512,0.002580888703790706,0.05984871642844394,0.3562959938780828,0.6437040061219172
Gwh,2021-01-04,2021,1,01-04,Monday,0.0,0.0,43.73725,0.0,68.549624,1.265,0.305,7.293,43.73725,77.412624,121.149874,0.0,0.0,0.36101770935395283,0.0,0.5658249714729376,0.010441612180298264,0.002517542857700372,0.060198164135110865,0.36101770935395283,0.6389822906460472
Gwh,2021-01-05,2021,1,01-05,Tuesday,0.0,0.0,53.309,0.0,62.585,2.895,0.339,7.189,53.309,73.008,126.317,0.0,0.0,0.4220255389219187,0.0,0.4954598351765796,0.022918530364084012,0.002683724280975641,0.05691237125644213,0.4220255389219187,0.5779744610780814
Gwh,2021-01-06,2021,1,01-06,Wednesday,0.0,0.0,45.47225,0.0,67.62,8.254,0.309,7.324,45.47225,83.507,128.97925,0.0,0.0,0.3525547714070286,0.0,0.5242703768241791,0.0639947898596092,0.0023957341975550327,0.05678432771162803,0.3525547714070286,0.6474452285929714
Gwh,2021-01-07,2021,1,01-07,Thursday,0.0,0.0,46.33425,0.0,69.28325,10.708,0.377,7.327,46.33425,87.69525,134.0295,0.0,0.0,0.34570187906393735,0.0,0.516925378368195,0.07989285940781693,0.002812813597006629,0.05466706956304395,0.34570187906393735,0.6542981209360625
Gwh,2021-01-08,2021,1,01-08,Friday,0.0,0.0,48.487,0.0,73.9465,2.466,0.36,7.326,48.487,84.0985,132.5855,0.0,0.0,0.36570364029249053,0.0,0.5577269007546074,0.018599318930048913,0.002715229040883053,0.05525491098197012,0.36570364029249053,0.6342963597075095
Gwh,2021-01-09,2021,1,01-09,Saturday,0.0,0.0,46.1545,0.0,65.229749,4.629,0.3285,7.324,46.1545,77.511249,123.665749,0.0,0.0,0.3732197506037019,0.0,0.5274681916979292,0.03743154460658302,0.002656353943240986,0.059224159148544835,0.3732197506037019,0.6267802493962981
Gwh,2021-01-10,2021,1,01-10,Sunday,0.0,0.0,45.96925,0.0,53.0515,2.675,0.365,7.316,45.96925,63.4075,109.37675,0.0,0.0,0.4202835611773069,0.0,0.4850345251618831,0.02445675154911807,0.003337089463711438,0.06688807264798048,0.4202835611773069,0.5797164388226931
Gwh,2021-01-11,2021,1,01-11,Monday,0.0,0.0,45.12875,0.0,61.753375,11.512,0.355,7.331,45.12875,80.951375,126.080125,0.0,0.0,0.3579370658142986,0.0,0.4897946841343947,0.09130701607410367,0.002815669797281689,0.058145564179921304,0.3579370658142986,0.6420629341857014
Gwh,2021-01-12,2021,1,01-12,Tuesday,0.0,0.0,57.73975,0.0,62.567501,11.319,0.331,7.386,57.73975,81.603501,139.34325099999998,0.0,0.0,0.41437062495405685,0.0,0.4490170894606156,0.08123106012504332,0.002375429004451748,0.053005796455832664,0.41437062495405685,0.5856293750459433
Gwh,2021-01-13,2021,1,01-13,Wednesday,0.0,0.0,51.10125,0.0,55.66125,47.927,0.378,7.359,51.10125,111.32525,162.4265,0.0,0.0,0.3146115319852364,0.0,0.34268576863996947,0.29506884652442794,0.002327206459537083,0.04530664639082908,0.3146115319852364,0.6853884680147636
Gwh,2021-01-14,2021,1,01-14,Thursday,0.0,0.0,46.553,0.0,69.883126,44.992,0.376,7.344,46.553,122.59512600000001,169.148126,0.0,0.0,0.2752203119294387,0.0,0.41314750362649605,0.2659917142682385,0.002222903728770841,0.043417566447056,0.2752203119294387,0.7247796880705614
Gwh,2021-01-15,2021,1,01-15,Friday,0.0,0.0,46.5045,0.0,75.515,21.057,0.324,7.344,46.5045,104.24,150.7445,0.0,0.0,0.3084988175356315,0.0,0.5009469665559938,0.13968668840322532,0.0021493321481049063,0.04871819535704454,0.3084988175356315,0.6915011824643685
Gwh,2021-01-16,2021,1,01-16,Saturday,0.0,0.0,44.6865,0.0,52.52,36.191,0.343499,7.38,44.6865,96.434499,141.120999,0.0,0.0,0.31665379579689623,0.0,0.3721628983082808,0.2564536834096533,0.0024340743222771542,0.05229554816289247,0.31665379579689623,0.6833462042031037
Gwh,2021-01-17,2021,1,01-17,Sunday,0.0,0.0,47.949,0.0,50.716,20.096,0.3635,7.372,47.949,78.5475,126.4965,0.0,0.0,0.3790539659200057,0.0,0.4009280889194563,0.15886605558256553,0.002873597293205741,0.058278292284766775,0.3790539659200057,0.6209460340799943
Gwh,2021-01-18,2021,1,01-18,Monday,0.0,0.0,60.2645,0.0,62.24275,6.996,0.348,7.341,60.2645,76.92775,137.19225,0.0,0.0,0.43927043983898506,0.0,0.4536899861325986,0.05099413414387475,0.0025365864325426544,0.053508853451998926,0.43927043983898506,0.5607295601610149
Gwh,2021-01-19,2021,1,01-19,Tuesday,0.0,0.0,51.56275,0.0,62.601251000000005,24.866,0.365,7.406,51.56275,95.238251,146.80100099999999,0.0,0.0,0.3512424959554602,0.0,0.42643613172637707,0.1693857659730808,0.002486359067810444,0.05044924727727163,0.3512424959554602,0.6487575040445399
Gwh,2021-01-20,2021,1,01-20,Wednesday,0.0,0.0,47.08675,0.0,57.3075,22.512,0.4005,7.439,47.08675,87.659,134.74575,0.0,0.0,0.3494488694448619,0.0,0.42530098351896073,0.16707020444058535,0.0029722644313457014,0.055207678164246377,0.3494488694448619,0.6505511305551382
Gwh,2021-01-21,2021,1,01-21,Thursday,0.0,0.0,44.84825,0.0,58.37575,19.01,0.39,7.345,44.84825,85.12075,129.969,0.0,0.0,0.34506882410420947,0.0,0.4491513360878363,0.1462656479622064,0.00300071555524779,0.05651347629050004,0.34506882410420947,0.6549311758957905
Gwh,2021-01-22,2021,1,01-22,Friday,0.0,0.0,43.5125,0.0,58.929,50.0664,0.415,7.333,43.5125,116.7434,160.2559,0.0,0.0,0.27151886451606466,0.0,0.36771813081452853,0.31241533073041305,0.002589608245312653,0.04575806569368117,0.27151886451606466,0.7284811354839353
Gwh,2021-01-23,2021,1,01-23,Saturday,0.0,0.0,39.70175,0.0,55.5935,33.726099999999995,0.373,7.311,39.70175,97.0036,136.70535,0.0,0.0,0.29041840718011397,0.0,0.40666660083164263,0.24670651148620001,0.002728495995218914,0.05347998450682435,0.29041840718011397,0.709581592819886
Gwh,2021-01-24,2021,1,01-24,Sunday,0.0,0.0,40.9935,0.0,58.52375,17.036,0.3875,7.344,40.9935,83.29125,124.28475,0.0,0.0,0.3298353176878096,0.0,0.4708844005398892,0.13707232786001503,0.0031178402820941425,0.05909011363019196,0.3298353176878096,0.6701646823121904
Gwh,2021-01-25,2021,1,01-25,Monday,0.0,0.0,43.49275,0.0,74.16275,22.204,0.383501,7.249,43.49275,103.999251,147.492001,0.0,0.0,0.29488209330077503,0.0,0.5028255735712747,0.15054375728484423,0.0026001477869976148,0.04914842805610862,0.29488209330077503,0.705117906699225
Gwh,2021-01-26,2021,1,01-26,Tuesday,0.0,0.0,45.165,0.0,74.427499,34.506,0.3625,7.168,45.165,116.463999,161.62899900000002,0.0,0.0,0.27943624151257657,0.0,0.46048357324789213,0.21348891729509503,0.0022427906021988044,0.044348477342237326,0.27943624151257657,0.7205637584874233
Gwh,2021-01-27,2021,1,01-27,Wednesday,0.0,0.0,55.0125,0.0,74.238875,21.148,0.4,7.34,55.0125,103.126875,158.139375,0.0,0.0,0.34787351347505957,0.0,0.4694521841887891,0.13373013520509994,0.0025294143220181567,0.04641475280903317,0.34787351347505957,0.6521264865249404
Gwh,2021-01-28,2021,1,01-28,Thursday,0.0,0.0,53.004,0.0,65.1515,9.198,0.375501,7.301,53.004,82.02600100000001,135.030001,0.0,0.0,0.39253498931692965,0.0,0.48249647868994683,0.06811819545198701,0.002780870896979405,0.05406946564415711,0.39253498931692965,0.6074650106830705
Gwh,2021-01-29,2021,1,01-29,Friday,0.0,0.0,51.693,0.0,87.463,22.383,0.3785,7.344,51.693,117.5685,169.2615,0.0,0.0,0.30540317792291805,0.0,0.5167329841694656,0.13223916838737693,0.002236184838253235,0.04338848468198615,0.30540317792291805,0.6945968220770818
Gwh,2021-01-30,2021,1,01-30,Saturday,0.0,0.0,35.9755,0.0,95.67425,41.9185,0.428,7.343,35.9755,145.36375,181.33925,0.0,0.0,0.19838782833832166,0.0,0.5275981344358709,0.23116065606315236,0.002360217106886678,0.0404931640557684,0.19838782833832166,0.8016121716616784
Gwh,2021-01-31,2021,1,01-31,Sunday,0.0,0.0,40.2715,0.0,90.29225,3.023,0.3305,7.312,40.2715,100.95775,141.22925,0.0,0.0,0.28514985387233877,0.0,0.6393310875756969,0.021404914350249684,0.002340166785563189,0.0517739774161514,0.28514985387233877,0.7148501461276612
Gwh,2021-02-01,2021,2,02-01,Monday,0.0,0.0,43.7355,0.0,105.860128,13.253,0.3875,7.324,43.7355,126.82462799999999,170.560128,0.0,0.0,0.2564227672249402,0.0,0.6206616355259771,0.07770280284967891,0.0022719260623444188,0.04294086833705941,0.2564227672249402,0.7435772327750598
Gwh,2021-02-02,2021,2,02-02,Tuesday,0.0,0.0,46.89175,0.0,101.184876,13.782,0.375,7.242,46.89175,122.583876,169.47562599999998,0.0,0.0,0.2766872800930088,0.0,0.5970467753280346,0.08132142848671349,0.002212707566573615,0.04273180852566965,0.2766872800930088,0.7233127199069913
Gwh,2021-02-03,2021,2,02-03,Wednesday,0.0,0.0,39.83025,0.0,98.063,14.401,0.443,7.334,39.83025,120.241,160.07125,0.0,0.0,0.24882825616717558,0.0,0.6126209422366603,0.08996618693238168,0.002767517589823282,0.04581709707395925,0.24882825616717558,0.7511717438328245
Gwh,2021-02-04,2021,2,02-04,Thursday,0.0,0.0,39.52475,0.0,98.917999,38.289499,0.3925,7.249,39.52475,144.848998,184.373748,0.0,0.0,0.21437298112527384,0.0,0.5365080445183551,0.20767326919014523,0.0021288280151467117,0.03931687715107901,0.21437298112527384,0.7856270188747261
Gwh,2021-02-05,2021,2,02-05,Friday,0.0,0.0,43.3105,0.0,101.913,2.83,0.437,7.336,43.3105,112.516,155.8265,0.0,0.0,0.277940530012546,0.0,0.6540158445450549,0.018161224182022956,0.002804401048602131,0.04707800021177399,0.277940530012546,0.722059469987454
Gwh,2021-02-06,2021,2,02-06,Saturday,0.0,0.0,31.593,0.0,92.60275,6.502,0.453,7.249,31.593,106.80675,138.39975,0.0,0.0,0.22827353373109416,0.0,0.6690962230784376,0.04697985364857956,0.0032731272997241685,0.05237726224216445,0.22827353373109416,0.7717264662689057
Gwh,2021-02-07,2021,2,02-07,Sunday,0.0,0.0,17.81575,0.0,97.1925,16.386,0.388,7.249,17.81575,121.2155,139.03125,0.0,0.0,0.12814205439424592,0.0,0.6990694538098449,0.1178583951449764,0.002790739492020679,0.05213935715891211,0.12814205439424592,0.8718579456057541
Gwh,2021-02-08,2021,2,02-08,Monday,0.0,0.0,43.08075,0.0,117.89574800000001,8.549,0.4125,7.25,43.08075,134.10724800000003,177.18799800000002,0.0,0.0,0.24313582458333322,0.0,0.6653709581390496,0.04824818890949938,0.0023280357849068305,0.040916992583210965,0.24313582458333322,0.7568641754166668
Gwh,2021-02-09,2021,2,02-09,Tuesday,0.0,0.0,49.20775,0.0,115.103749,2.772,0.398,7.327,49.20775,125.600749,174.808499,0.0,0.0,0.28149518062047996,0.0,0.6584562516036476,0.015857352564991704,0.0022767771720298337,0.041914438038850726,0.28149518062047996,0.7185048193795199
Gwh,2021-02-10,2021,2,02-10,Wednesday,0.0,0.0,48.7645,0.0,111.56075,14.942,0.323,7.308,48.7645,134.13375,182.89825,0.0,0.0,0.26662092174200686,0.0,0.6099607295313104,0.08169569692438282,0.0017660092428440405,0.03995664255945587,0.26662092174200686,0.7333790782579932
Gwh,2021-02-11,2021,2,02-11,Thursday,0.0,0.0,48.92275,0.0,106.676,54.043,0.434,7.318,48.92275,168.471,217.39375,0.0,0.0,0.22504211827616938,0.0,0.4907040795791047,0.2485950033062128,0.0019963775407526663,0.0336624212977604,0.22504211827616938,0.7749578817238306
Gwh,2021-02-12,2021,2,02-12,Friday,0.0,0.0,62.15575,0.0,89.708,22.996,0.4345,7.249,62.15575,120.3875,182.54325,0.0,0.0,0.3404987585133934,0.0,0.49143422175292706,0.12597562495463402,0.0023802578293089446,0.03971113694973657,0.3404987585133934,0.6595012414866066
Gwh,2021-02-13,2021,2,02-13,Saturday,0.0,0.0,49.17425,0.0,77.319626,25.186,0.389,7.267,49.17425,110.161626,159.33587599999998,0.0,0.0,0.308620074991774,0.0,0.48526187536070037,0.15806860722314667,0.002441383634154056,0.045608058790225,0.308620074991774,0.6913799250082261
Gwh,2021-02-14,2021,2,02-14,Sunday,0.0,0.0,46.5755,0.0,62.46025,36.469,0.447504,7.306,46.5755,106.682754,153.25825400000002,0.0,0.0,0.3039020658554546,0.0,0.4075490120094934,0.23795781987702924,0.0029199340872042034,0.04767116817081838,0.3039020658554546,0.6960979341445452
Gwh,2021-02-15,2021,2,02-15,Monday,0.0,0.0,52.4275,0.0,75.252625,6.944,0.447504,7.268,52.4275,89.91212900000001,142.339629,0.0,0.0,0.3683267995591024,0.0,0.5286835825601316,0.04878472740715096,0.003143917144817063,0.051060973328797984,0.3683267995591024,0.6316732004408976
Gwh,2021-02-16,2021,2,02-16,Tuesday,0.0,0.0,50.90725,0.0,78.17825,9.282,0.396,7.308,50.90725,95.16425,146.0715,0.0,0.0,0.3485091205334374,0.0,0.5352053617577694,0.06354422320575882,0.0027110011193148564,0.05003029338371962,0.3485091205334374,0.6514908794665626
Gwh,2021-02-17,2021,2,02-17,Wednesday,0.0,0.0,49.85725,0.0,77.61,23.63,0.463,7.267,49.85725,108.97,158.82725,0.0,0.0,0.31390866491738667,0.0,0.488644108614863,0.14877799621916266,0.0029151168958727173,0.04575411335271498,0.31390866491738667,0.6860913350826133
Gwh,2021-02-18,2021,2,02-18,Thursday,0.0,0.0,44.468,0.0,81.37275,12.064,0.459,7.248,44.468,101.14375,145.61175,0.0,0.0,0.30538744297764436,0.0,0.5588336792875574,0.0828504567797585,0.0031522181417365015,0.04977620281330319,0.30538744297764436,0.6946125570223557
Gwh,2021-02-19,2021,2,02-19,Friday,0.0,0.0,35.4905,0.0,82.460999,10.67,0.511,7.248,35.4905,100.889999,136.38049900000001,0.0,0.0,0.2602314866145195,0.0,0.6046392233833958,0.07823699193240229,0.0037468699978873074,0.053145428071794926,0.2602314866145195,0.7397685133854803
Gwh,2021-02-20,2021,2,02-20,Saturday,0.0,0.0,32.4695,0.0,72.03275,8.393,0.499,7.262,32.4695,88.18675,120.65625,0.0,0.0,0.26910748510748506,0.0,0.597008029008029,0.06956125356125356,0.004135716135716136,0.06018751618751619,0.26910748510748506,0.7308925148925149
Gwh,2021-02-21,2021,2,02-21,Sunday,0.0,0.0,29.1205,0.0,65.39675,36.863,0.427,7.248,29.1205,109.93475,139.05525,0.0,0.0,0.20941676060414835,0.0,0.47029328270597476,0.26509606792983365,0.0030707218893209712,0.05212316687072225,0.20941676060414835,0.7905832393958516
Gwh,2021-02-22,2021,2,02-22,Monday,0.0,0.0,44.49275,0.0,77.848375,17.291,0.492499,7.276,44.49275,102.90787399999999,147.40062400000002,0.0,0.0,0.3018491292139984,0.0,0.5281414208938491,0.11730615197395634,0.003341227374994016,0.04936207054320203,0.3018491292139984,0.6981508707860014
Gwh,2021-02-23,2021,2,02-23,Tuesday,0.0,0.0,35.38225,0.0,75.31299899999999,8.496,0.545,7.288,35.38225,91.641999,127.024249,0.0,0.0,0.2785472087302008,0.0,0.592902533121845,0.06688486699889877,0.004290519363747626,0.0573748717853077,0.2785472087302008,0.7214527912697992
Gwh,2021-02-24,2021,2,02-24,Wednesday,0.0,0.0,36.006,0.0,79.2365,2.838,0.381,7.27,36.006,89.7255,125.7315,0.0,0.0,0.2863721501771633,0.0,0.6302040459232572,0.02257190918743513,0.0030302668782286064,0.05782162783391592,0.2863721501771633,0.7136278498228368
Gwh,2021-02-25,2021,2,02-25,Thursday,0.0,0.0,32.077,0.0,80.75675,8.034,0.4765,7.248,32.077,96.51525,128.59225,0.0,0.0,0.24944738116021764,0.0,0.628006353415544,0.06247654893665831,0.0037055110241869162,0.05636420546339301,0.24944738116021764,0.7505526188397823
Gwh,2021-02-26,2021,2,02-26,Friday,0.0,0.0,38.503,0.0,79.471,10.217,0.424,7.262,38.503,97.374,135.877,0.0,0.0,0.2833665741810608,0.0,0.584874555664314,0.0751930054387424,0.0031204692479227534,0.05344539546795998,0.2833665741810608,0.7166334258189391
Gwh,2021-02-27,2021,2,02-27,Saturday,0.0,0.0,25.90525,0.0,88.0215,47.625,0.463,7.249,25.90525,143.3585,169.26375,0.0,0.0,0.15304665056753144,0.0,0.5200256995369653,0.28136562022287703,0.0027353760034266052,0.042826653669199695,0.15304665056753144,0.8469533494324686
Gwh,2021-02-28,2021,2,02-28,Sunday,0.0,0.0,31.0705,0.0,74.583,12.647,0.508,7.265,31.0705,95.003,126.0735,0.0,0.0,0.24644750879447308,0.0,0.5915834810646171,0.10031449908188478,0.004029395551007944,0.05762511550801715,0.24644750879447308,0.7535524912055269
Gwh,2021-03-01,2021,3,03-01,Monday,0.0,0.0,43.7775,0.0,77.80875,12.432,0.415,7.343,43.7775,97.99875,141.77625,0.0,0.0,0.30877879757716825,0.0,0.548813711746502,0.08768746528420662,0.0029271475299988536,0.0517928778621243,0.30877879757716825,0.6912212024228317
Gwh,2021-03-02,2021,3,03-02,Tuesday,0.0,0.0,37.12475,0.0,78.92925,0.927,0.548,7.334,37.12475,87.73825,124.863,0.0,0.0,0.2973238669581862,0.0,0.6321268109848394,0.007424136853991976,0.004388810135908957,0.05873637506707351,0.2973238669581862,0.7026761330418138
Gwh,2021-03-03,2021,3,03-03,Wednesday,0.0,0.0,40.98775,0.0,80.54225,1.341,0.5175,7.343,40.98775,89.74375,130.7315,0.0,0.0,0.31352619682325983,0.0,0.6160890833502254,0.010257665520551663,0.003958495083434366,0.05616855922252861,0.31352619682325983,0.6864738031767401
Gwh,2021-03-04,2021,3,03-04,Thursday,0.0,0.0,39.18325,0.0,80.001,9.313,0.491,7.34,39.18325,97.145,136.32825,0.0,0.0,0.2874184184129115,0.0,0.5868262814200286,0.06831306057255192,0.0036016012821993974,0.05384063831230871,0.2874184184129115,0.7125815815870885
Gwh,2021-03-05,2021,3,03-05,Friday,0.0,0.0,35.9815,0.0,77.42775,33.346,0.47000100000000006,7.337,35.9815,118.580751,154.562251,0.0,0.0,0.2327961696158268,0.0,0.5009486436633225,0.21574478751606688,0.0030408524523882615,0.04746954675239557,0.2327961696158268,0.7672038303841732
Gwh,2021-03-06,2021,3,03-06,Saturday,0.0,0.0,38.4815,0.0,66.33325,7.884,0.582,7.331,38.4815,82.13025,120.61175,0.0,0.0,0.3190526627795385,0.0,0.5499733649499324,0.06536676567581517,0.004825400510315122,0.06078180608439891,0.3190526627795385,0.6809473372204615
Gwh,2021-03-07,2021,3,03-07,Sunday,0.0,0.0,38.7705,0.0,62.485,4.062,0.527,7.339,38.7705,74.413,113.1835,0.0,0.0,0.3425455123759205,0.0,0.5520681017992906,0.03588862334174151,0.004656155711742436,0.06484160677130502,0.3425455123759205,0.6574544876240794
Gwh,2021-03-08,2021,3,03-08,Monday,0.0,0.0,43.376,0.0,75.482,15.871,0.534,7.336,43.376,99.223,142.599,0.0,0.0,0.30418165625284893,0.0,0.5293305002138865,0.11129811569506098,0.0037447667935960284,0.051444961044607614,0.30418165625284893,0.6958183437471511
Gwh,2021-03-09,2021,3,03-09,Tuesday,0.0,0.0,50.5785,0.0,79.785251,1.46,0.492,7.249,50.5785,88.98625100000001,139.564751,0.0,0.0,0.3624016783435525,0.0,0.5716719331229989,0.010461094148335492,0.0035252454253294945,0.05194004895978355,0.3624016783435525,0.6375983216564476
Gwh,2021-03-10,2021,3,03-10,Wednesday,0.0,0.0,43.83375,0.0,72.782625,3.28,0.475,7.258,43.83375,83.795625,127.629375,0.0,0.0,0.3434456213548018,0.0,0.5702654659242827,0.025699412850685822,0.0037217137512426117,0.05686778611898711,0.3434456213548018,0.6565543786451983
Gwh,2021-03-11,2021,3,03-11,Thursday,0.0,0.0,36.01675,0.0,68.3895,37.128,0.541,7.297,36.01675,113.3555,149.37225,0.0,0.0,0.24112075703485755,0.0,0.45784608586936326,0.24856022453969862,0.003621824000107115,0.04885110855597341,0.24112075703485755,0.7588792429651424
Gwh,2021-03-12,2021,3,03-12,Friday,0.0,0.0,30.11325,0.0,63.540125,38.806,0.508,7.337,30.11325,110.191125,140.304375,0.0,0.0,0.2146280185489583,0.0,0.4528734403328478,0.27658439018740505,0.0036206996396227847,0.05229345129116608,0.2146280185489583,0.7853719814510417
Gwh,2021-03-13,2021,3,03-13,Saturday,0.0,0.0,18.85225,0.0,56.75925,38.369,0.4975,7.353,18.85225,102.97875,121.831,0.0,0.0,0.15474099367156144,0.0,0.4658851195508532,0.314936264169218,0.004083525539476816,0.06035409706889051,0.15474099367156144,0.8452590063284386
Gwh,2021-03-14,2021,3,03-14,Sunday,0.0,0.0,17.312,0.0,61.177625,36.322,0.517,7.353,17.312,105.369625,122.681625,0.0,0.0,0.14111322702156906,0.0,0.4986698293244812,0.2960671575714782,0.004214160026002264,0.059935626056469335,0.14111322702156906,0.858886772978431
Gwh,2021-03-15,2021,3,03-15,Monday,0.0,0.0,32.12125,0.0,70.065251,38.646,0.543,7.341,32.12125,116.595251,148.716501,0.0,0.0,0.2159898181036414,0.0,0.4711329982138297,0.25986356416494766,0.00365124244013783,0.04936237707744348,0.2159898181036414,0.7840101818963587
Gwh,2021-03-16,2021,3,03-16,Tuesday,0.0,0.0,34.13225,0.0,73.258,56.552,0.56,7.343,34.13225,137.713,171.84525,0.0,0.0,0.1986220160289563,0.0,0.42630215266351557,0.3290867801117575,0.003258745877468246,0.04273030531830237,0.1986220160289563,0.8013779839710438
Gwh,2021-03-17,2021,3,03-17,Wednesday,0.0,0.0,34.11275,0.0,74.516,45.537,0.523,7.356,34.11275,127.932,162.04475,0.0,0.0,0.21051437951553506,0.0,0.45984828265031735,0.28101496654473535,0.0032275035136898915,0.04539486777572245,0.21051437951553506,0.789485620484465
Gwh,2021-03-18,2021,3,03-18,Thursday,0.0,0.0,35.48275,0.0,80.43875,27.01,0.507,7.344,35.48275,115.29975,150.7825,0.0,0.0,0.23532405948966229,0.0,0.5334753701523718,0.17913219372274636,0.003362459171322932,0.04870591746389667,0.23532405948966229,0.7646759405103377
Gwh,2021-03-19,2021,3,03-19,Friday,0.0,0.0,36.27925,0.0,72.73875,6.493,0.5695009999999999,7.328,36.27925,87.12925100000001,123.408501,0.0,0.0,0.29397691168779366,0.0,0.5894144196759994,0.052613879492791185,0.004614763127217629,0.059380026016198025,0.29397691168779366,0.7060230883122064
Gwh,2021-03-20,2021,3,03-20,Saturday,0.0,0.0,36.725,0.0,61.4235,18.062,0.569499,7.344,36.725,87.39899899999999,124.123999,0.0,0.0,0.2958734837410451,0.0,0.4948559544878988,0.1455157757203746,0.004588145762206711,0.05916664028847476,0.2958734837410451,0.7041265162589548
Gwh,2021-03-21,2021,3,03-21,Sunday,0.0,0.0,35.97175,0.0,54.70925,22.802,0.47,7.344,35.97175,85.32525,121.297,0.0,0.0,0.29655927186987313,0.0,0.45103547490869517,0.1879848635992646,0.003874786680626891,0.06054560294154019,0.29655927186987313,0.7034407281301269
Gwh,2021-03-22,2021,3,03-22,Monday,0.0,0.0,36.8555,0.0,66.169125,47.8155,0.528,7.344,36.8555,121.856625,158.712125,0.0,0.0,0.23221603264400878,0.0,0.4169128540116264,0.30127187825126783,0.0033267779635613856,0.046272457129535635,0.23221603264400878,0.7677839673559913
Gwh,2021-03-23,2021,3,03-23,Tuesday,0.0,0.0,38.63425,0.0,63.76225,39.7215,0.4655,7.344,38.63425,111.29325,149.9275,0.0,0.0,0.25768621500391853,0.0,0.4252872221573761,0.264938053392473,0.003104834003101499,0.04898367544313085,0.25768621500391853,0.7423137849960814
Gwh,2021-03-24,2021,3,03-24,Wednesday,0.0,0.0,41.26475,0.0,59.715751,29.56,0.4805,7.335,41.26475,97.09125099999999,138.356001,0.0,0.0,0.2982505254687146,0.0,0.4316094030500347,0.21365173744794777,0.0034729248932252677,0.053015409140077706,0.2982505254687146,0.7017494745312853
Gwh,2021-03-25,2021,3,03-25,Thursday,0.0,0.0,42.77225,0.0,67.106,4.068,0.583,7.3,42.77225,79.057,121.82925,0.0,0.0,0.3510835862487867,0.0,0.5508201027257411,0.033390996004654054,0.004785386103911827,0.05991992891690624,0.3510835862487867,0.6489164137512133
Gwh,2021-03-26,2021,3,03-26,Friday,0.0,0.0,35.6055,0.0,74.215499,10.562,0.63,7.308,35.6055,92.715499,128.320999,0.0,0.0,0.277472122859642,0.0,0.5783581765911906,0.08230920957839488,0.004909562775458131,0.05695092819531431,0.277472122859642,0.7225278771403579
Gwh,2021-03-27,2021,3,03-27,Saturday,0.0,0.0,25.50825,0.0,70.20475,28.915,0.586,7.257,25.50825,106.96275,132.471,0.0,0.0,0.19255723894286297,0.0,0.5299631617486091,0.21827418831291376,0.004423609695706984,0.054781801299907146,0.19255723894286297,0.807442761057137
Gwh,2021-03-28,2021,3,03-28,Sunday,0.0,0.0,22.90825,0.0,66.58375,14.271,0.621501,7.857,22.90825,89.333251,112.241501,0.0,0.0,0.20409785859866575,0.0,0.5932186348790898,0.127145484271455,0.005537176485193297,0.07000084576559609,0.20409785859866575,0.7959021414013343
Gwh,2021-03-29,2021,3,03-29,Monday,0.0,0.0,30.54,0.0,73.048249,4.404,0.644,7.259,30.54,85.355249,115.89524899999999,0.0,0.0,0.26351382186512234,0.0,0.6302954575816995,0.037999832072495056,0.005556742019683655,0.06263414646099946,0.26351382186512234,0.7364861781348777
Gwh,2021-03-30,2021,3,03-30,Tuesday,0.0,0.0,38.6955,0.0,80.23425,9.776,0.461,7.309,38.6955,97.78025,136.47575,0.0,0.0,0.2835338878885077,0.0,0.5879011472734167,0.0716317734102945,0.0033778894785337324,0.053555301949247396,0.2835338878885077,0.7164661121114922
Gwh,2021-03-31,2021,3,03-31,Wednesday,0.0,0.0,33.218,0.0,91.54475,2.944,0.558,7.247,33.218,102.29375,135.51175,0.0,0.0,0.24513003484937654,0.0,0.6755484303021693,0.02172505336253129,0.004117724108794994,0.05347875737712781,0.24513003484937654,0.7548699651506234
Gwh,2021-04-01,2021,4,04-01,Thursday,0.0,0.0,23.33075,0.0,97.66375,16.066,0.6005,7.235,23.33075,121.56525,144.896,0.0,0.0,0.16101721234540636,0.0,0.674026543175795,0.11087952738515901,0.004144351810954064,0.04993236528268552,0.16101721234540636,0.8389827876545938
Gwh,2021-04-02,2021,4,04-02,Friday,0.0,0.0,20.413,0.0,99.74425,28.844,0.6115,7.254,20.413,136.45375,156.86675,0.0,0.0,0.13012955262985942,0.0,0.6358533596189122,0.18387580542084286,0.0038982129737500145,0.04624306935663549,0.13012955262985942,0.8698704473701407
Gwh,2021-04-03,2021,4,04-03,Saturday,0.0,0.0,15.89025,0.0,98.70625,47.7175,0.564001,7.207,15.89025,154.194751,170.08500099999998,0.0,0.0,0.09342534560116798,0.0,0.5803348291716799,0.28055089937060357,0.003315994924208514,0.042372930932340125,0.09342534560116798,0.9065746543988321
Gwh,2021-04-04,2021,4,04-04,Sunday,0.0,0.0,17.56275,0.0,86.79525,15.846,0.578,7.209,17.56275,110.42825,127.991,0.0,0.0,0.1372186325601019,0.0,0.6781355720324085,0.12380558007984936,0.004515942527208944,0.05632427280043128,0.1372186325601019,0.8627813674398982
Gwh,2021-04-05,2021,4,04-05,Monday,0.0,0.0,13.2875,0.0,74.8675,29.503968,0.636,7.254,13.2875,112.261468,125.54896799999999,0.0,0.0,0.10583519890024107,0.0,0.5963211103415841,0.23499968554102335,0.005065752511800814,0.057778252705350794,0.10583519890024107,0.8941648010997589
Gwh,2021-04-06,2021,4,04-06,Tuesday,0.0,0.0,21.486,0.0,89.09525,41.330032,0.661,7.219,21.486,138.305282,159.791282,0.0,0.0,0.13446290517901974,0.0,0.5575726590640908,0.25865010582992887,0.004136646203264081,0.045177683723696516,0.13446290517901974,0.8655370948209803
Gwh,2021-04-07,2021,4,04-07,Wednesday,0.0,0.0,24.6125,0.0,86.445875,39.371,0.576,7.199,24.6125,133.591875,158.204375,0.0,0.0,0.15557407941468118,0.0,0.546418991257353,0.2488616386240899,0.003640860121599039,0.04550443058227688,0.15557407941468118,0.8444259205853187
Gwh,2021-04-08,2021,4,04-08,Thursday,0.0,0.0,27.64225,0.0,81.973249,42.012,0.5615,7.241,27.64225,131.78774900000002,159.429999,0.0,0.0,0.17338173601820067,0.0,0.5141645205680518,0.26351376945062893,0.003521921868669145,0.045418052094449296,0.17338173601820067,0.8266182639817994
Gwh,2021-04-09,2021,4,04-09,Friday,0.0,0.0,23.09525,0.0,75.2875,32.651,0.267,7.255,23.09525,115.4605,138.55575,0.0,0.0,0.16668561210920516,0.0,0.5433733352820074,0.23565243593282853,0.001927022155341803,0.05236159452061716,0.16668561210920516,0.8333143878907949
Gwh,2021-04-10,2021,4,04-10,Saturday,0.0,0.0,22.17975,0.0,73.60525,24.047,0.62,7.225,22.17975,105.49725,127.677,0.0,0.0,0.1737176625390634,0.0,0.5764957666611841,0.18834245792116042,0.0048560038221449435,0.05658810905644712,0.1737176625390634,0.8262823374609365
Gwh,2021-04-11,2021,4,04-11,Sunday,0.0,0.0,18.6405,0.0,69.5785,53.976,0.575,7.173,18.6405,131.3025,149.943,0.0,0.0,0.12431724055140952,0.0,0.4640329992063651,0.3599767911806486,0.0038347905537437555,0.04783817850783297,0.12431724055140952,0.8756827594485904
Gwh,2021-04-12,2021,4,04-12,Monday,0.0,0.0,27.43675,0.0,85.83487600000001,27.88,0.658,6.92,27.43675,121.292876,148.729626,0.0,0.0,0.18447400654392826,0.0,0.5771202302357703,0.1874542466744319,0.004424135377036449,0.04652738116883317,0.18447400654392826,0.8155259934560718
Gwh,2021-04-13,2021,4,04-13,Tuesday,0.0,0.0,42.435,0.0,77.54175,57.690625,0.608502,6.998,42.435,142.838877,185.273877,0.0,0.0,0.22903930487728716,0.0,0.4185250033926801,0.3113802438538057,0.0032843378130420404,0.037771110063185,0.22903930487728716,0.7709606951227128
Gwh,2021-04-14,2021,4,04-14,Wednesday,0.0,0.0,31.434,0.0,78.01825,51.101875,0.626,7.003,31.434,136.749125,168.183125,0.0,0.0,0.18690341257483473,0.0,0.46388869275677924,0.30384662551608554,0.003722133240180904,0.0416391359121196,0.18690341257483473,0.8130965874251653
Gwh,2021-04-15,2021,4,04-15,Thursday,0.0,0.0,25.041,0.0,75.0845,36.738,0.5414990000000001,7.051,25.041,119.414999,144.45599900000002,0.0,0.0,0.17334690267864886,0.0,0.5197741908939344,0.2543196561881795,0.0037485393735707715,0.048810710865666435,0.17334690267864886,0.826653097321351
Gwh,2021-04-16,2021,4,04-16,Friday,0.0,0.0,32.74925,0.0,72.5985,27.124,0.564,7.08,32.74925,107.3665,140.11575,0.0,0.0,0.2337299696857777,0.0,0.5181323298772622,0.19358280564461883,0.004025243414819533,0.0505296513775218,0.2337299696857777,0.7662700303142224
Gwh,2021-04-17,2021,4,04-17,Saturday,0.0,0.0,26.42275,0.0,64.61375,13.61,0.586499,7.453,26.42275,86.263249,112.685999,0.0,0.0,0.23448121536376496,0.0,0.5733964341035837,0.12077809240525081,0.005204719354708832,0.06613953877269173,0.23448121536376496,0.7655187846362351
Gwh,2021-04-18,2021,4,04-18,Sunday,0.0,0.0,41.65325,0.0,55.89125,14.621,0.629,7.499,41.65325,78.64025,120.2935,0.0,0.0,0.34626351382244264,0.0,0.46462402374193124,0.12154438934772038,0.0052288777032840515,0.06233919538462178,0.34626351382244264,0.6537364861775574
Gwh,2021-04-19,2021,4,04-19,Monday,0.0,0.0,52.917,0.0,66.680624,15.616,0.684,7.494,52.917,90.47462399999999,143.391624,0.0,0.0,0.369038291943747,0.0,0.4650245400665801,0.10890454800902456,0.004770153101829714,0.052262466878818525,0.369038291943747,0.630961708056253
Gwh,2021-04-20,2021,4,04-20,Tuesday,0.0,0.0,40.7225,0.0,60.60825,17.265,0.6109990000000001,7.465,40.7225,85.949249,126.67174899999999,0.0,0.0,0.3214805220696842,0.0,0.47846698635226076,0.136297162834627,0.0048234827798896195,0.058931845963538405,0.3214805220696842,0.6785194779303158
Gwh,2021-04-21,2021,4,04-21,Wednesday,0.0,0.0,36.9005,0.0,63.84025,7.044,0.624,7.474,36.9005,78.98225,115.88275,0.0,0.0,0.318429619593943,0.0,0.5509038230452763,0.06078557852657104,0.0053847531233078266,0.06449622571090176,0.318429619593943,0.6815703804060569
Gwh,2021-04-22,2021,4,04-22,Thursday,0.0,0.0,33.76075,0.0,68.02525,19.257,0.621,7.465,33.76075,95.36825,129.129,0.0,0.0,0.26144979051955797,0.0,0.5268007186611838,0.14912993982761427,0.004809144344028065,0.057810406647615956,0.26144979051955797,0.7385502094804421
Gwh,2021-04-23,2021,4,04-23,Friday,0.0,0.0,28.41775,0.0,75.519625,19.543,0.672,7.23,28.41775,102.964625,131.382375,0.0,0.0,0.2162980384545492,0.0,0.5748078842386584,0.14874902360381292,0.00511484131718581,0.05503021238579376,0.2162980384545492,0.7837019615454508
Gwh,2021-04-24,2021,4,04-24,Saturday,0.0,0.0,32.68725,0.0,66.79425,1.913,0.724,7.17,32.68725,76.60125,109.2885,0.0,0.0,0.29909139570952115,0.0,0.6111736367504358,0.017504128979718817,0.006624667737227613,0.06560617082309667,0.29909139570952115,0.7009086042904789
Gwh,2021-04-25,2021,4,04-25,Sunday,0.0,0.0,18.56525,0.0,65.7265,22.167,0.725,7.198,18.56525,95.8165,114.38175,0.0,0.0,0.1623095467589891,0.0,0.5746240112605376,0.19379839878302266,0.00633842374329821,0.06292961945415244,0.1623095467589891,0.837690453241011
Gwh,2021-04-26,2021,4,04-26,Monday,0.0,0.0,39.12575,0.0,71.903501,7.426,0.701,7.216,39.12575,87.24650100000001,126.372251,0.0,0.0,0.30960713044511645,0.0,0.5689817221029005,0.058762900409204545,0.00554710384956267,0.05710114319321573,0.30960713044511645,0.6903928695548835
Gwh,2021-04-27,2021,4,04-27,Tuesday,0.0,0.0,26.37025,0.0,79.130125,7.327,0.627,7.117,26.37025,94.201125,120.571375,0.0,0.0,0.21871070144136615,0.0,0.6562927975234587,0.06076898434640892,0.005200239277357499,0.0590272774114088,0.21871070144136615,0.7812892985586338
Gwh,2021-04-28,2021,4,04-28,Wednesday,0.0,0.0,28.55775,0.0,75.65075,37.324,0.654,7.108,28.55775,120.73675,149.2945,0.0,0.0,0.19128467559086235,0.0,0.5067216139911384,0.25000251181389804,0.004380603438170864,0.04761059516593042,0.19128467559086235,0.8087153244091376
Gwh,2021-04-29,2021,4,04-29,Thursday,0.0,0.0,36.06175,0.0,86.031,16.323,0.676,7.158,36.06175,110.188,146.24975,0.0,0.0,0.2465764898743417,0.0,0.5882471593968537,0.11161044719734564,0.004622230123470296,0.04894367340798873,0.2465764898743417,0.7534235101256583
Gwh,2021-04-30,2021,4,04-30,Friday,0.0,0.0,22.67175,0.0,100.273125,13.574,0.653499,7.166,22.67175,121.666624,144.33837400000002,0.0,0.0,0.15707361370164802,0.0,0.6947087058082002,0.09404290504200913,0.004527548578315008,0.04964722686982742,0.15707361370164802,0.8429263862983518
Gwh,2021-05-01,2021,5,05-01,Saturday,0.0,0.0,8.209,0.0,108.51925,12.782,0.6525,7.107,8.209,129.06075,137.26975,0.0,0.0,0.05980195928090493,0.0,0.7905547289187895,0.0931159268520559,0.004753414353854363,0.05177397059439535,0.05980195928090493,0.9401980407190953
Gwh,2021-05-02,2021,5,05-02,Sunday,0.0,0.0,8.70925,0.0,113.5105,48.1135,0.713,7.166,8.70925,169.503,178.21225,0.0,0.0,0.04887009731373685,0.0,0.636939940997322,0.2699786350264923,0.004000847304267804,0.04021047935818105,0.04887009731373685,0.951129902686263
Gwh,2021-05-03,2021,5,05-03,Monday,0.0,0.0,11.2425,0.0,119.566749,25.099,0.645,7.106,11.2425,152.416749,163.65924900000002,0.0,0.0,0.0686945593890633,0.0,0.7305835125761819,0.15336132942905045,0.003941115481960937,0.04341948312374328,0.0686945593890633,0.9313054406109367
Gwh,2021-05-04,2021,5,05-04,Tuesday,0.0,0.0,7.75925,0.0,106.0735,30.659,0.717499,7.212,7.75925,144.661999,152.42124900000002,0.0,0.0,0.050906616045378286,0.0,0.6959233092231122,0.2011464950008381,0.004707342346997825,0.047316237383673444,0.050906616045378286,0.9490933839546216
Gwh,2021-05-05,2021,5,05-05,Wednesday,0.0,0.0,9.03575,0.0,113.51974899999999,25.6905,0.7095,7.136,9.03575,147.05574900000002,156.091499,0.0,0.0,0.0578875214722616,0.0,0.7272641349930273,0.1645861572512671,0.004545410893901403,0.04571677538954252,0.0578875214722616,0.9421124785277385
Gwh,2021-05-06,2021,5,05-06,Thursday,0.0,0.0,10.95325,0.0,114.41762399999999,35.3705,0.719499,7.158,10.95325,157.665623,168.618873,0.0,0.0,0.064958624174887,0.0,0.6785576369022464,0.20976596137017237,0.004267013455842514,0.04245076409685172,0.064958624174887,0.935041375825113
Gwh,2021-05-07,2021,5,05-07,Friday,0.0,0.0,11.18425,0.0,115.75975,25.638,0.688,7.158,11.18425,149.24375,160.428,0.0,0.0,0.06971507467524372,0.0,0.7215682424514424,0.15981000822799013,0.004288528187099508,0.044618146458224255,0.06971507467524372,0.9302849253247564
Gwh,2021-05-08,2021,5,05-08,Saturday,0.0,0.0,10.105,0.0,101.75675,20.361,0.6325,7.158,10.105,129.90825,140.01325,0.0,0.0,0.07217174088880875,0.0,0.7267651454415921,0.14542195113676742,0.0045174296004128174,0.0511237329324189,0.07217174088880875,0.9278282591111914
Gwh,2021-05-09,2021,5,05-09,Sunday,0.0,0.0,0.4045,0.0,91.80075,44.716699999999996,0.751,7.158,0.4045,144.42645000000002,144.83095,0.0,0.0,0.002792911321785848,0.0,0.633847599563491,0.3087509955572341,0.005185355754415751,0.04942313780307317,0.002792911321785848,0.9972070886782143
Gwh,2021-05-10,2021,5,05-10,Monday,0.0,0.0,7.386,0.0,121.641625,45.0163,0.659,7.17,7.386,174.48692499999999,181.87292499999998,0.0,0.0,0.0406107726040036,0.0,0.6688275618814621,0.24751512628941336,0.0036234090368316234,0.03942313018828944,0.0406107726040036,0.9593892273959964
Gwh,2021-05-11,2021,5,05-11,Tuesday,0.0,0.0,9.101,0.0,135.63925,46.9365,0.709,7.159,9.101,190.44375,199.54475,0.0,0.0,0.04560881706985526,0.0,0.6797435161787018,0.23521791477851461,0.0035530877159133476,0.03587666425701503,0.04560881706985526,0.9543911829301448
Gwh,2021-05-12,2021,5,05-12,Wednesday,0.0,0.0,9.65025,0.0,155.614,22.512,0.6944980000000001,7.042,9.65025,185.862498,195.512748,0.0,0.0,0.04935867404410888,0.0,0.7959276394601135,0.11514338696727848,0.0035521878092573283,0.03601811171924196,0.04935867404410888,0.9506413259558911
Gwh,2021-05-13,2021,5,05-13,Thursday,0.0,0.0,9.1345,0.0,147.002751,42.4695,0.685,7.066,9.1345,197.22325099999998,206.35775099999998,0.0,0.0,0.04426535933704763,0.0,0.7123684489079356,0.2058052086446707,0.0033194779293751857,0.03424150518097089,0.04426535933704763,0.9557346406629523
Gwh,2021-05-14,2021,5,05-14,Friday,0.0,0.0,10.1685,0.0,149.49799900000002,25.025,0.653,7.071,10.1685,182.24699900000002,192.415499,0.0,0.0,0.05284657448514581,0.0,0.7769540384062306,0.13005709067126656,0.00339369751082266,0.036748598926534495,0.05284657448514581,0.9471534255148543
Gwh,2021-05-15,2021,5,05-15,Saturday,0.0,0.0,9.807,0.0,141.98525,6.972,0.6555,7.106,9.807,156.71875,166.52575,0.0,0.0,0.058891793010990796,0.0,0.8526324006947875,0.04186739888575791,0.0039363281654639,0.04267207924299996,0.058891793010990796,0.9411082069890093
Gwh,2021-05-16,2021,5,05-16,Sunday,0.0,0.0,6.9805,0.0,134.706625,18.147,0.698001,7.159,6.9805,160.710626,167.691126,0.0,0.0,0.041627128199974044,0.0,0.8033020483147093,0.10821681762695062,0.004162420616103443,0.04269158524226261,0.041627128199974044,0.958372871800026
Gwh,2021-05-17,2021,5,05-17,Monday,0.0,0.0,10.0615,0.0,145.8715,30.78344,0.693,7.158,10.0615,184.50594,194.56744,0.0,0.0,0.051712146698337604,0.0,0.7497220501025248,0.15821475576797434,0.0035617470220094378,0.03678930040915376,0.051712146698337604,0.9482878533016624
Gwh,2021-05-18,2021,5,05-18,Tuesday,0.0,0.0,12.293,0.0,143.43625,42.61456,0.715,7.158,12.293,193.92381,206.21681,0.0,0.0,0.059612017080469815,0.0,0.6955604152736142,0.20664930274112958,0.003467224616654675,0.0347110402881317,0.059612017080469815,0.9403879829195302
Gwh,2021-05-19,2021,5,05-19,Wednesday,0.0,0.0,11.6755,0.0,150.50975,19.539,0.719,7.158,11.6755,177.92575,189.60125,0.0,0.0,0.06157923536896513,0.0,0.7938225618238276,0.10305311805697484,0.003792169091712212,0.03775291565852019,0.06157923536896513,0.9384207646310349
Gwh,2021-05-20,2021,5,05-20,Thursday,0.0,0.0,11.65575,0.0,143.44075099999998,37.199,0.718,7.076,11.65575,188.433751,200.08950099999998,0.0,0.0,0.05825268163370551,0.0,0.7168829462971172,0.18591180353835757,0.0035883941756644196,0.035364174355155195,0.05825268163370551,0.9417473183662946
Gwh,2021-05-21,2021,5,05-21,Friday,0.0,0.0,8.3105,0.0,132.32425,15.833,0.747001,7.181,8.3105,156.085251,164.395751,0.0,0.0,0.05055179315431334,0.0,0.8049128350038682,0.09631027507517516,0.004543919143019701,0.04368117762362362,0.05055179315431334,0.9494482068456868
Gwh,2021-05-22,2021,5,05-22,Saturday,0.0,0.0,0.10775,0.0,128.5685,13.04,0.704,7.158,0.10775,149.4705,149.57825,0.0,0.0,0.0007203587419962461,0.0,0.8595400735066763,0.08717845007546217,0.004706566629840902,0.04785455104602441,0.0007203587419962461,0.9992796412580037
Gwh,2021-05-23,2021,5,05-23,Sunday,0.0,0.0,0.0,0.0,130.042251,13.052,0.7445,7.158,0.0,150.996751,150.996751,0.0,0.0,0.0,0.0,0.8612254908716546,0.08643894596116178,0.004930569665038687,0.047404993502144964,0.0,1.0
Gwh,2021-05-24,2021,5,05-24,Monday,0.0,0.0,0.084,0.0,136.31425,24.98,0.737,7.149,0.084,169.18025,169.26425,0.0,0.0,0.0004962654547549173,0.0,0.8053339674503032,0.14757989356878373,0.004354138573266357,0.04223573495289171,0.0004962654547549173,0.9995037345452451
Gwh,2021-05-25,2021,5,05-25,Tuesday,0.0,0.0,9.075,0.0,153.301,22.266,0.74,6.977,9.075,183.284,192.359,0.0,0.0,0.047177413066193934,0.0,0.7969525730535092,0.11575231728174921,0.0038469736274362,0.03627072297111131,0.047177413066193934,0.952822586933806
Gwh,2021-05-26,2021,5,05-26,Wednesday,0.0,0.0,13.75975,0.0,144.6685,23.71,0.781,7.028,13.75975,176.1875,189.94725,0.0,0.0,0.07243984843160405,0.0,0.7616246089374813,0.12482412880418117,0.004111667844625284,0.03699974598210819,0.07243984843160405,0.927560151568396
Gwh,2021-05-27,2021,5,05-27,Thursday,0.0,0.0,15.982,0.0,143.724875,15.395,0.759,7.035,15.982,166.913875,182.895875,0.0,0.0,0.08738305333567528,0.0,0.7858289586902931,0.08417357690543868,0.004149902232622797,0.0384645088359702,0.08738305333567528,0.9126169466643247
Gwh,2021-05-28,2021,5,05-28,Friday,0.0,0.0,10.73875,0.0,141.44325099999998,20.373,0.657,6.994,10.73875,169.46725099999998,180.206001,0.0,0.0,0.05959152270406356,0.0,0.7848975628730588,0.11305394874169591,0.0036458275326802245,0.038811138148501505,0.05959152270406356,0.9404084772959364
Gwh,2021-05-29,2021,5,05-29,Saturday,0.0,0.0,9.33325,0.0,131.322,18.897,0.685,6.946,9.33325,157.85,167.18325,0.0,0.0,0.055826465869038916,0.0,0.7854973509606974,0.1130316583748671,0.0040973004173564045,0.041547224378040266,0.055826465869038916,0.9441735341309612
Gwh,2021-05-30,2021,5,05-30,Sunday,0.0,0.0,7.30225,0.0,122.57925,27.793,0.767,6.974,7.30225,158.11325,165.4155,0.0,0.0,0.04414489573226209,0.0,0.7410384758381167,0.16801932104307032,0.004636808521571436,0.0421604988649794,0.04414489573226209,0.9558551042677378
Gwh,2021-05-31,2021,5,05-31,Monday,0.0,0.0,9.96925,0.0,128.559375,16.9,0.767,6.949,9.96925,153.175375,163.144625,0.0,0.0,0.06110682469618598,0.0,0.7880086457031605,0.10358907012719543,0.004701350105772716,0.04259410936768527,0.06110682469618598,0.9388931753038141
Gwh,2021-06-01,2021,6,06-01,Tuesday,0.0,0.0,0.154,0.0,131.144249,6.286,0.694,6.821,0.154,144.94524900000002,145.09924900000001,0.0,0.0,0.0010613425021931023,0.0,0.9038244505317873,0.04332207122588208,0.0047829330942987846,0.04700920264583863,0.0010613425021931023,0.998938657497807
Gwh,2021-06-02,2021,6,06-02,Wednesday,0.0,0.0,0.0,0.0,131.116125,4.228,0.798,6.942,0.0,143.084125,143.084125,0.0,0.0,0.0,0.0,0.9163568984330024,0.029549050252779614,0.0055771386238690004,0.04851691269034912,0.0,1.0
Gwh,2021-06-03,2021,6,06-03,Thursday,0.0,0.0,0.0,0.0,136.46475,2.481,0.671,6.79,0.0,146.40675,146.40675,0.0,0.0,0.0,0.0,0.9320932948788223,0.016945939992520836,0.00458312202135489,0.046377643107302094,0.0,1.0
Gwh,2021-06-04,2021,6,06-04,Friday,0.0,0.0,0.0,0.0,148.4585,6.676,0.7225,6.719,0.0,162.576,162.576,0.0,0.0,0.0,0.0,0.9131636895974805,0.04106387166617459,0.004444075386280878,0.04132836335006397,0.0,1.0
Gwh,2021-06-05,2021,6,06-05,Saturday,0.0,0.0,0.0,0.0,146.040125,7.848,0.7635,6.647,0.0,161.298625,161.298625,0.0,0.0,0.0,0.0,0.905402169423329,0.04865509547896022,0.004733456345334624,0.041209278752376226,0.0,1.0
Gwh,2021-06-06,2021,6,06-06,Sunday,0.0,0.0,0.0,0.0,148.0295,11.888,0.695,6.617,0.0,167.2295,167.2295,0.0,0.0,0.0,0.0,0.8851877210659603,0.07108793603999294,0.004155965305164459,0.03956837758888234,0.0,1.0
Gwh,2021-06-07,2021,6,06-07,Monday,0.0,0.0,0.0,0.0,161.840625,6.284,0.773,6.609,0.0,175.506625,175.506625,0.0,0.0,0.0,0.0,0.9221339935173386,0.03580491619618347,0.00440439214189208,0.03765669814458571,0.0,1.0
Gwh,2021-06-08,2021,6,06-08,Tuesday,0.0,0.0,0.0,0.0,160.729501,5.535,0.7265,6.655,0.0,173.64600099999998,173.64600099999998,0.0,0.0,0.0,0.0,0.9256159086554491,0.031875194177377,0.004183799199614163,0.03832509796755988,0.0,1.0
Gwh,2021-06-09,2021,6,06-09,Wednesday,0.0,0.0,2.0535,0.0,161.2405,16.962,0.722,6.672,2.0535,185.5965,187.65,0.0,0.0,0.010943245403677058,0.0,0.8592619237942979,0.09039168665067945,0.0038475885957900344,0.035555555555555556,0.010943245403677058,0.9890567545963229
Gwh,2021-06-10,2021,6,06-10,Thursday,0.0,0.0,0.0,0.0,163.228751,13.943,0.741,6.596,0.0,184.508751,184.508751,0.0,0.0,0.0,0.0,0.8846667169732236,0.07556823144935819,0.0040160696768252475,0.03574898190059289,0.0,1.0
Gwh,2021-06-11,2021,6,06-11,Friday,0.0,0.0,0.0,0.0,160.838375,15.876,0.747,6.548,0.0,184.009375,184.009375,0.0,0.0,0.0,0.0,0.874077068084167,0.08627821272693306,0.0040595757688976445,0.03558514342000238,0.0,1.0
Gwh,2021-06-12,2021,6,06-12,Saturday,0.0,0.0,0.0,0.0,144.208,17.532,0.75,6.477,0.0,168.967,168.967,0.0,0.0,0.0,0.0,0.8534684287464416,0.10375990578041866,0.004438736558026123,0.0383329289151136,0.0,1.0
Gwh,2021-06-13,2021,6,06-13,Sunday,0.0,0.0,0.0,0.0,140.3055,50.5485,0.7785,6.346,0.0,197.9785,197.9785,0.0,0.0,0.0,0.0,0.7086905901398384,0.2553231790320666,0.003932245168035923,0.03205398566005905,0.0,1.0
Gwh,2021-06-14,2021,6,06-14,Monday,0.0,0.0,1.9935,0.0,153.197125,14.821,0.704,6.288,1.9935,175.010125,177.003625,0.0,0.0,0.011262481206246483,0.0,0.865502754533982,0.08373274841122604,0.003977319673537759,0.03552469617500772,0.011262481206246483,0.9887375187937535
Gwh,2021-06-15,2021,6,06-15,Tuesday,0.0,0.0,0.10775,0.0,157.00662599999998,1.33,0.705,6.273,0.10775,165.31462599999998,165.42237599999999,0.0,0.0,0.0006513629087276561,0.0,0.9491256853909533,0.008040024766661555,0.004261817639470975,0.03792110929418642,0.0006513629087276561,0.9993486370912723
Gwh,2021-06-16,2021,6,06-16,Wednesday,0.0,0.0,0.0,0.0,151.89725,1.613,0.678,6.282,0.0,160.47025,160.47025,0.0,0.0,0.0,0.0,0.9465757671593334,0.010051707403708787,0.004225082219289869,0.039147443217668075,0.0,1.0
Gwh,2021-06-17,2021,6,06-17,Thursday,0.0,0.0,0.05575,0.0,141.86725,11.397,0.732,6.365,0.05575,160.36125,160.417,0.0,0.0,0.00034753174538858103,0.0,0.8843654350848102,0.07104608613800283,0.00456310740133527,0.039677839630463105,0.00034753174538858103,0.9996524682546115
Gwh,2021-06-18,2021,6,06-18,Friday,0.0,0.0,0.545,0.0,144.575249,14.865,0.705,6.299,0.545,166.444249,166.989249,0.0,0.0,0.0032636831608243238,0.0,0.865775790152814,0.0890177067626671,0.004221828675928712,0.0377209912477659,0.0032636831608243238,0.9967363168391757
Gwh,2021-06-19,2021,6,06-19,Saturday,0.0,0.0,0.0,0.0,142.14675,3.622,0.7295,6.279,0.0,152.77725,152.77725,0.0,0.0,0.0,0.0,0.9304183050814174,0.023707718263026725,0.004774925586106571,0.041099051069449145,0.0,1.0
Gwh,2021-06-20,2021,6,06-20,Sunday,0.0,0.0,0.0,0.0,134.971,8.571,0.7275,6.187,0.0,150.4565,150.4565,0.0,0.0,0.0,0.0,0.8970765636579343,0.056966631551312166,0.004835284617148479,0.04112152017360499,0.0,1.0
Gwh,2021-06-21,2021,6,06-21,Monday,0.0,0.0,3.4405,0.0,144.53325,10.708,0.805,6.254,3.4405,162.30025,165.74075,0.0,0.0,0.02075832286266353,0.0,0.8720441412265844,0.06460692376497633,0.004856982968883633,0.03773362917689222,0.02075832286266353,0.9792416771373366
Gwh,2021-06-22,2021,6,06-22,Tuesday,0.0,0.0,3.434,0.0,149.30487599999998,7.582,0.804,6.151,3.434,163.84187599999998,167.27587599999998,0.0,0.0,0.020528961390702868,0.0,0.8925666962282116,0.04532632069432415,0.004806431263286286,0.03677159042347505,0.020528961390702868,0.9794710386092972
Gwh,2021-06-23,2021,6,06-23,Wednesday,0.0,0.0,5.47475,0.0,150.01387400000002,13.575,0.777,6.117,5.47475,170.482874,175.957624,0.0,0.0,0.03111402549968508,0.0,0.8525568292511156,0.07714925725525823,0.004415835940135222,0.03476405205380586,0.03111402549968508,0.9688859745003149
Gwh,2021-06-24,2021,6,06-24,Thursday,0.0,0.0,13.724,0.0,149.759625,8.615,0.776,6.276,13.724,165.426625,179.150625,0.0,0.0,0.0766059286703577,0.0,0.8359425204349692,0.04808802648609236,0.004331550615578372,0.0350319737930024,0.0766059286703577,0.9233940713296424
Gwh,2021-06-25,2021,6,06-25,Friday,0.0,0.0,3.93925,0.0,147.350875,26.705,0.742,6.325,3.93925,181.122875,185.062125,0.0,0.0,0.021286095142374485,0.0,0.7962238356443816,0.14430289287989098,0.004009464389323315,0.034177711944029604,0.021286095142374485,0.9787139048576254
Gwh,2021-06-26,2021,6,06-26,Saturday,0.0,0.0,1.0645,0.0,136.074,11.249,0.776,6.626,1.0645,154.725,155.7895,0.0,0.0,0.006832938034976683,0.0,0.8734478254311107,0.07220640672189076,0.004981080239682392,0.0425317495723396,0.006832938034976683,0.9931670619650232
Gwh,2021-06-27,2021,6,06-27,Sunday,0.0,0.0,1.69525,0.0,125.696,1.923,0.7795,6.292,1.69525,134.6905,136.38575,0.0,0.0,0.0124298176312408,0.0,0.9216212104270424,0.014099713496461323,0.005715406484915029,0.04613385196034043,0.0124298176312408,0.987570182368759
Gwh,2021-06-28,2021,6,06-28,Monday,0.0,0.0,20.93775,0.0,130.458251,5.205,0.805,6.351,20.93775,142.81925099999998,163.757001,0.0,0.0,0.1278586556430647,0.0,0.7966575487053527,0.031784900604035854,0.0049158203623917126,0.03878307468515499,0.1278586556430647,0.8721413443569351
Gwh,2021-06-29,2021,6,06-29,Tuesday,0.0,0.0,11.383,0.0,129.529,11.729,0.775,6.486,11.383,148.519,159.902,0.0,0.0,0.07118735225325512,0.0,0.8100524070993484,0.07335117759627773,0.004846718615151781,0.040562344435967033,0.07118735225325512,0.928812647746745
Gwh,2021-06-30,2021,6,06-30,Wednesday,0.0,0.0,6.86225,0.0,133.1695,32.454,0.689,6.606,6.86225,172.9185,179.78075,0.0,0.0,0.038170104418854635,0.0,0.7407328092690679,0.18051988324667684,0.003832445909809587,0.036744757155590904,0.038170104418854635,0.9618298955811453
Gwh,2021-07-01,2021,7,07-01,Thursday,0.0,0.0,0.04725,0.0,138.72949799999998,34.886,0.74,6.483,0.04725,180.838498,180.88574799999998,0.0,0.0,0.0002612146093455633,0.0,0.7669454312121925,0.19286207114559412,0.004090980125200356,0.035840302907667446,0.0002612146093455633,0.9997387853906545
Gwh,2021-07-02,2021,7,07-02,Friday,0.0,0.0,0.1085,0.0,128.685499,32.553,0.752,6.424,0.1085,168.414499,168.522999,0.0,0.0,0.0006438290360593452,0.0,0.7636079334192243,0.19316651254230288,0.004462298941167075,0.038119426061246395,0.0006438290360593452,0.9993561709639407
Gwh,2021-07-03,2021,7,07-03,Saturday,0.0,0.0,0.0,0.0,116.143625,14.607,0.752,6.384,0.0,137.886625,137.886625,0.0,0.0,0.0,0.0,0.8423124795461489,0.10593485771371951,0.005453755938982479,0.046298906801149134,0.0,1.0
Gwh,2021-07-04,2021,7,07-04,Sunday,0.0,0.0,0.0,0.0,107.4445,1.361,0.695,6.33,0.0,115.8305,115.8305,0.0,0.0,0.0,0.0,0.9276011067896626,0.01174992769607314,0.006000146766179892,0.054648818748084485,0.0,1.0
Gwh,2021-07-05,2021,7,07-05,Monday,0.0,0.0,0.0,0.0,135.108626,12.131,0.682,6.481,0.0,154.402626,154.402626,0.0,0.0,0.0,0.0,0.8750409853780595,0.07856731659473201,0.004417023321870187,0.041974674705338236,0.0,1.0
Gwh,2021-07-06,2021,7,07-06,Tuesday,0.0,0.0,3.42225,0.0,124.4805,14.91,0.7235,6.578,3.42225,146.692,150.11425,0.0,0.0,0.022797635800731776,0.0,0.8292383967544721,0.0993243479549743,0.004819662357171288,0.04381995713265063,0.022797635800731776,0.9772023641992683
Gwh,2021-07-07,2021,7,07-07,Wednesday,0.0,0.0,10.9995,0.0,127.18875,13.07,0.745,6.576,10.9995,147.57975,158.57925,0.0,0.0,0.0693627949432224,0.0,0.8020516555602325,0.08241935814427172,0.0046979664741761615,0.041468224878097225,0.0693627949432224,0.9306372050567775
Gwh,2021-07-08,2021,7,07-08,Thursday,0.0,0.0,6.28075,0.0,134.335002,18.519,0.756,6.668,6.28075,160.27800200000001,166.558752,0.0,0.0,0.03770891607064875,0.0,0.8065322319417956,0.11118599159532606,0.004538938908475972,0.040033921483753676,0.03770891607064875,0.9622910839293514
Gwh,2021-07-09,2021,7,07-09,Friday,0.0,0.0,0.0,0.0,134.0465,30.761,0.682,6.777,0.0,172.2665,172.2665,0.0,0.0,0.0,0.0,0.7781344602694081,0.178566349232149,0.0039589821584579705,0.03934020833998485,0.0,1.0
Gwh,2021-07-10,2021,7,07-10,Saturday,0.0,0.0,5.58725,0.0,129.69075,10.354,0.7725,6.826,5.58725,147.64325,153.2305,0.0,0.0,0.036463040974218576,0.0,0.8463768636139672,0.06757140386541843,0.0050414245205752115,0.044547267025820576,0.036463040974218576,0.9635369590257813
Gwh,2021-07-11,2021,7,07-11,Sunday,0.0,0.0,0.0,0.0,124.191,8.278,0.7085,6.768,0.0,139.9455,139.9455,0.0,0.0,0.0,0.0,0.8874240329271037,0.059151598300767085,0.005062685116706146,0.048361683655422996,0.0,1.0
Gwh,2021-07-12,2021,7,07-12,Monday,0.0,0.0,4.4235,0.0,135.98375099999998,8.263,0.7625,6.768,4.4235,151.77725099999998,156.200751,0.0,0.0,0.028319326070333682,0.0,0.8705704046198856,0.052899873701631565,0.004881538629734245,0.04332885697841491,0.028319326070333682,0.9716806739296662
Gwh,2021-07-13,2021,7,07-13,Tuesday,0.0,0.0,1.5225,0.0,135.576751,30.424,0.681,6.771,1.5225,173.45275099999998,174.975251,0.0,0.0,0.008701230552885448,0.0,0.7748338706483696,0.1738760186147697,0.0038919789862167428,0.03869690119775854,0.008701230552885448,0.9912987694471145
Gwh,2021-07-14,2021,7,07-14,Wednesday,0.0,0.0,1.71925,0.0,139.865748,17.503,0.719,6.862,1.71925,164.949748,166.668998,0.0,0.0,0.010315355708804345,0.0,0.8391827495116999,0.10501653102876397,0.004313939656612083,0.04117142409411977,0.010315355708804345,0.9896846442911957
Gwh,2021-07-15,2021,7,07-15,Thursday,0.0,0.0,12.59425,0.0,143.948751,7.713,0.727,6.771,12.59425,159.159751,171.754001,0.0,0.0,0.07332725832686716,0.0,0.8381100304033092,0.04490725080692589,0.004232798047016093,0.03942266241588165,0.07332725832686716,0.926672741673133
Gwh,2021-07-16,2021,7,07-16,Friday,0.0,0.0,0.0,0.0,142.277375,18.297,0.7055,6.672,0.0,167.951875,167.951875,0.0,0.0,0.0,0.0,0.8471318048696985,0.10894192160700797,0.004200608061088928,0.039725665462204574,0.0,1.0
Gwh,2021-07-17,2021,7,07-17,Saturday,0.0,0.0,3.984,0.0,137.025,19.686,0.6795,6.681,3.984,164.0715,168.0555,0.0,0.0,0.023706454117836073,0.0,0.8153556414398815,0.1171398734346689,0.00404330712175442,0.039754723885859135,0.023706454117836073,0.9762935458821639
Gwh,2021-07-18,2021,7,07-18,Sunday,0.0,0.0,0.0,0.0,112.392,34.767,0.772,6.861,0.0,154.792,154.792,0.0,0.0,0.0,0.0,0.7260840353506641,0.22460463073027032,0.004987337846917153,0.04432399607214843,0.0,1.0
Gwh,2021-07-19,2021,7,07-19,Monday,0.0,0.0,4.9605,0.0,119.38225,35.528,0.678,6.771,4.9605,162.35925,167.31975,0.0,0.0,0.02964682890095162,0.0,0.7134976594215566,0.21233596153472617,0.004052121760879992,0.04046742838188558,0.02964682890095162,0.9703531710990484
Gwh,2021-07-20,2021,7,07-20,Tuesday,0.0,0.0,0.0,0.0,130.445501,24.799,0.729,6.835,0.0,162.80850099999998,162.80850099999998,0.0,0.0,0.0,0.0,0.8012204534700558,0.15232005606390298,0.0044776531662803045,0.041981837299761154,0.0,1.0
Gwh,2021-07-21,2021,7,07-21,Wednesday,0.0,0.0,0.11625,0.0,136.278375,13.866,0.7545,6.84,0.11625,157.738875,157.855125,0.0,0.0,0.0007364347530686762,0.0,0.8633129586384986,0.08784003686924957,0.004779699107013472,0.04333087063216985,0.0007364347530686762,0.9992635652469315
Gwh,2021-07-22,2021,7,07-22,Thursday,0.0,0.0,0.04,0.0,142.10825,4.838,0.6995,6.864,0.04,154.50975,154.54975,0.0,0.0,0.0002588163358400774,0.0,0.919498413941142,0.031303835819857365,0.004526050673003354,0.04441288323015728,0.0002588163358400774,0.99974118366416
Gwh,2021-07-23,2021,7,07-23,Friday,0.0,0.0,1.95125,0.0,142.24212400000002,1.051,0.726,6.806,1.95125,150.82512400000002,152.776374,0.0,0.0,0.012771935535006216,0.0,0.9310479118976865,0.006879335937112894,0.004752043663505196,0.04454877296668921,0.012771935535006216,0.9872280644649939
Gwh,2021-07-24,2021,7,07-24,Saturday,0.0,0.0,0.0,0.0,122.491249,16.042,0.6965,6.776,0.0,146.005749,146.005749,0.0,0.0,0.0,0.0,0.8389481225153674,0.10987238591543406,0.004770360104107955,0.04640913146509046,0.0,1.0
Gwh,2021-07-25,2021,7,07-25,Sunday,0.0,0.0,0.04525,0.0,127.0045,11.193,0.716,6.77,0.04525,145.6835,145.72875,0.0,0.0,0.0003105083931619533,0.0,0.8715129993223711,0.07680708164998327,0.004913237779093007,0.04645617285539058,0.0003105083931619533,0.9996894916068382
Gwh,2021-07-26,2021,7,07-26,Monday,0.0,0.0,0.0,0.0,143.818875,8.003,0.684501,6.775,0.0,159.281376,159.281376,0.0,0.0,0.0,0.0,0.9029233587233702,0.05024441777800815,0.004297432739405767,0.04253479075921594,0.0,1.0
Gwh,2021-07-27,2021,7,07-27,Tuesday,0.0,0.0,0.0,0.0,142.95725,9.754,0.688,6.859,0.0,160.25825,160.25825,0.0,0.0,0.0,0.0,0.8920429993463674,0.06086426127828052,0.004293070715548185,0.04279966865980379,0.0,1.0
Gwh,2021-07-28,2021,7,07-28,Wednesday,0.0,0.0,0.0,0.0,134.77825,16.297,0.733499,6.859,0.0,158.66774900000001,158.66774900000001,0.0,0.0,0.0,0.0,0.8494369577273073,0.1027114842348964,0.004622861322624549,0.04322869671517177,0.0,1.0
Gwh,2021-07-29,2021,7,07-29,Thursday,0.0,0.0,6.0305,0.0,118.02325,8.273,0.666,6.849,6.0305,133.81125,139.84175,0.0,0.0,0.04312374523345139,0.0,0.8439772099533939,0.05915972876483597,0.004762526212665388,0.04897678983565352,0.04312374523345139,0.9568762547665487
Gwh,2021-07-30,2021,7,07-30,Friday,0.0,0.0,13.587,0.0,115.2095,2.645,0.757,6.864,13.587,125.4755,139.0625,0.0,0.0,0.09770426966292135,0.0,0.8284728089887641,0.019020224719101125,0.005443595505617978,0.049359101123595504,0.09770426966292135,0.9022957303370787
Gwh,2021-07-31,2021,7,07-31,Saturday,0.0,0.0,0.0,0.0,111.126,9.626,0.715001,6.864,0.0,128.33100100000001,128.33100100000001,0.0,0.0,0.0,0.0,0.8659326205988216,0.0750091554261312,0.0055715376209058,0.05348668635414135,0.0,1.0
Gwh,2021-08-01,2021,8,08-01,Sunday,0.0,0.0,0.0,0.0,133.719,20.2,0.69,6.864,0.0,161.473,161.473,0.0,0.0,0.0,0.0,0.8281198714336142,0.12509831364996005,0.004273160218736259,0.04250865469768939,0.0,1.0
Gwh,2021-08-02,2021,8,08-02,Monday,0.0,0.0,0.0,0.0,164.891625,14.641,0.6744990000000001,6.864,0.0,187.071124,187.071124,0.0,0.0,0.0,0.0,0.8814381475571826,0.07826435040824366,0.003605575171505358,0.0366919268630684,0.0,1.0
Gwh,2021-08-03,2021,8,08-03,Tuesday,0.0,0.0,0.0,0.0,163.867751,4.887,0.739,6.864,0.0,176.35775099999998,176.35775099999998,0.0,0.0,0.0,0.0,0.9291780489988218,0.027710718538251262,0.004190346020005665,0.03892088644292136,0.0,1.0
Gwh,2021-08-04,2021,8,08-04,Wednesday,0.0,0.0,0.0,0.0,164.814747,4.466,0.687,6.864,0.0,176.831747,176.831747,0.0,0.0,0.0,0.0,0.9320427456954322,0.025255645978547053,0.0038850489895346676,0.03881655933648611,0.0,1.0
Gwh,2021-08-05,2021,8,08-05,Thursday,0.0,0.0,0.0,0.0,157.169125,20.415,0.689501,6.865,0.0,185.138626,185.138626,0.0,0.0,0.0,0.0,0.8489267118143138,0.11026872371840979,0.003724241747370428,0.03708032271990611,0.0,1.0
Gwh,2021-08-06,2021,8,08-06,Friday,0.0,0.0,0.0,0.0,153.6365,12.897,0.696,6.864,0.0,174.0935,174.0935,0.0,0.0,0.0,0.0,0.8824941769796115,0.07408088182499634,0.0039978517290995925,0.03942708946629254,0.0,1.0
Gwh,2021-08-07,2021,8,08-07,Saturday,0.0,0.0,0.0,0.0,138.92625,22.89,0.626,6.82,0.0,169.26225,169.26225,0.0,0.0,0.0,0.0,0.820775158075708,0.13523393432380817,0.003698402922092788,0.04029250467839108,0.0,1.0
Gwh,2021-08-08,2021,8,08-08,Sunday,0.0,0.0,0.0,0.0,132.4615,12.584,0.6845019999999999,6.781,0.0,152.51100200000002,152.51100200000002,0.0,0.0,0.0,0.0,0.8685373400143288,0.0825120800137422,0.004488213906036758,0.04446236606589208,0.0,1.0
Gwh,2021-08-09,2021,8,08-09,Monday,0.0,0.0,0.0,0.0,159.83487599999998,5.511,0.718499,6.768,0.0,172.832375,172.832375,0.0,0.0,0.0,0.0,0.9247970815653026,0.031886387026736164,0.004157201450249121,0.03915932995771191,0.0,1.0
Gwh,2021-08-10,2021,8,08-10,Tuesday,0.0,0.0,0.0,0.0,158.38612400000002,5.241,0.667501,6.768,0.0,171.062625,171.062625,0.0,0.0,0.0,0.0,0.9258955543328067,0.030637902347166717,0.00390208556661632,0.039564457753410484,0.0,1.0
Gwh,2021-08-11,2021,8,08-11,Wednesday,0.0,0.0,0.0,0.0,161.210499,10.14,0.691,6.768,0.0,178.80949900000002,178.80949900000002,0.0,0.0,0.0,0.0,0.901576817236091,0.0567083966831091,0.0038644479396477693,0.03785033814115211,0.0,1.0
Gwh,2021-08-12,2021,8,08-12,Thursday,0.0,0.0,0.0,0.0,155.958125,2.55,0.6654990000000001,6.769,0.0,165.94262400000002,165.94262400000002,0.0,0.0,0.0,0.0,0.9398316191504841,0.015366757126848853,0.0040104162749650145,0.04079120744770192,0.0,1.0
Gwh,2021-08-13,2021,8,08-13,Friday,0.0,0.0,0.0,0.0,143.259,4.043,0.682,6.769,0.0,154.753,154.753,0.0,0.0,0.0,0.0,0.9257268033576086,0.026125503221262274,0.004407022804081343,0.04374067061704782,0.0,1.0
Gwh,2021-08-14,2021,8,08-14,Saturday,0.0,0.0,0.0,0.0,117.608375,1.385,0.708,6.778,0.0,126.479375,126.479375,0.0,0.0,0.0,0.0,0.9298620822564944,0.010950401992419713,0.005597750621395781,0.05358976512969011,0.0,1.0
Gwh,2021-08-15,2021,8,08-15,Sunday,0.0,0.0,0.0,0.0,102.03962399999999,6.402,0.683,6.768,0.0,115.892624,115.892624,0.0,0.0,0.0,0.0,0.8804669398114585,0.0552407890945674,0.0058933862779739984,0.05839888481600002,0.0,1.0
Gwh,2021-08-16,2021,8,08-16,Monday,0.0,0.0,2.6685,0.0,115.340875,13.346,0.618,6.768,2.6685,136.072875,138.741375,0.0,0.0,0.019233628036337394,0.0,0.8313372633073587,0.09619336697506421,0.0044543309448965744,0.04878141073634307,0.019233628036337394,0.9807663719636627
Gwh,2021-08-17,2021,8,08-17,Tuesday,0.0,0.0,0.0,0.0,137.0935,30.709,0.687,6.746,0.0,175.2355,175.2355,0.0,0.0,0.0,0.0,0.7823386243084307,0.17524417141503862,0.00392043849562446,0.038496765780906265,0.0,1.0
Gwh,2021-08-18,2021,8,08-18,Wednesday,0.0,0.0,0.0,0.0,138.625001,12.074,0.6475,6.746,0.0,158.092501,158.092501,0.0,0.0,0.0,0.0,0.8768600668794531,0.07637300898921195,0.004095703438836735,0.04267122069249825,0.0,1.0
Gwh,2021-08-19,2021,8,08-19,Thursday,0.0,0.0,0.0,0.0,137.39375,2.375,0.672,6.768,0.0,147.20875,147.20875,0.0,0.0,0.0,0.0,0.9333259741693344,0.016133551843895148,0.004564946037514754,0.04597552794925573,0.0,1.0
Gwh,2021-08-20,2021,8,08-20,Friday,0.0,0.0,0.0,0.0,138.816125,0.748,0.617,6.768,0.0,146.949125,146.949125,0.0,0.0,0.0,0.0,0.9446543148861893,0.005090197032476375,0.004198732044168347,0.04605675603716592,0.0,1.0
Gwh,2021-08-21,2021,8,08-21,Saturday,0.0,0.0,10.637,0.0,125.55625,0.83,0.624,6.768,10.637,133.77825,144.41525,0.0,0.0,0.07365565617204556,0.0,0.8694112983220263,0.005747315467029971,0.004320873314971931,0.04686485672392632,0.07365565617204556,0.9263443438279546
Gwh,2021-08-22,2021,8,08-22,Sunday,0.0,0.0,0.0,0.0,105.7505,2.835,0.5825,6.58,0.0,115.748,115.748,0.0,0.0,0.0,0.0,0.9136270173134741,0.024492863807581988,0.005032484362580779,0.056847634516363134,0.0,1.0
Gwh,2021-08-23,2021,8,08-23,Monday,0.0,0.0,0.0,0.0,134.64625,16.829,0.587,6.55,0.0,158.61225,158.61225,0.0,0.0,0.0,0.0,0.848901960598882,0.10610151485777423,0.003700849083220243,0.041295675460123665,0.0,1.0
Gwh,2021-08-24,2021,8,08-24,Tuesday,0.0,0.0,8.12225,0.0,135.393249,26.431,0.639,6.576,8.12225,169.039249,177.16149900000002,0.0,0.0,0.04584658656562845,0.0,0.7642363028323664,0.14919155769843648,0.0036068784900041965,0.03711867441356431,0.04584658656562845,0.9541534134343715
Gwh,2021-08-25,2021,8,08-25,Wednesday,0.0,0.0,17.72825,0.0,126.340999,16.917,0.6355,6.659,17.72825,150.552499,168.28074900000001,0.0,0.0,0.10534924586055888,0.0,0.7507751168851762,0.10052843299384173,0.00377642721331125,0.0395707770471119,0.10534924586055888,0.8946507541394411
Gwh,2021-08-26,2021,8,08-26,Thursday,0.0,0.0,5.11475,0.0,131.71787400000002,15.578,0.645,6.577,5.11475,154.517874,159.63262400000002,0.0,0.0,0.032040756280495644,0.0,0.8251312964698244,0.09758656851997871,0.004040527455089631,0.04120085127461163,0.032040756280495644,0.9679592437195043
Gwh,2021-08-27,2021,8,08-27,Friday,0.0,0.0,10.069,0.0,137.433624,10.11,0.6205,6.577,10.069,154.741124,164.810124,0.0,0.0,0.06109454780824023,0.0,0.8338906656001303,0.061343318933489786,0.00376493861505741,0.039906529043082326,0.06109454780824023,0.9389054521917598
Gwh,2021-08-28,2021,8,08-28,Saturday,0.0,0.0,0.0,0.0,130.989751,4.999,0.664,6.62,0.0,143.272751,143.272751,0.0,0.0,0.0,0.0,0.9142684152131623,0.03489149168357911,0.004634516998979102,0.04620557610427959,0.0,1.0
Gwh,2021-08-29,2021,8,08-29,Sunday,0.0,0.0,0.0,0.0,126.915,24.448,0.636,6.21,0.0,158.209,158.209,0.0,0.0,0.0,0.0,0.8021983578683893,0.15452976758591483,0.004019998862264473,0.03925187568343141,0.0,1.0
Gwh,2021-08-30,2021,8,08-30,Monday,0.0,0.0,0.186,0.0,142.979876,12.246,0.656498,6.615,0.186,162.49737399999998,162.683374,0.0,0.0,0.001143325193144814,0.0,0.8788843781909761,0.07527505545834082,0.0040354338852106675,0.04066180727232766,0.001143325193144814,0.9988566748068551
Gwh,2021-08-31,2021,8,08-31,Tuesday,0.0,0.0,0.4375,0.0,139.502876,33.373,0.568,6.756,0.4375,180.199876,180.637376,0.0,0.0,0.0024219793803913537,0.0,0.7722813466909528,0.1847513551126872,0.0031444212298566603,0.037400897586111974,0.0024219793803913537,0.9975780206196087
Gwh,2021-09-01,2021,9,09-01,Wednesday,0.0,0.0,0.48125,0.0,139.49525,42.797,0.634,6.576,0.48125,189.50225,189.9835,0.0,0.0,0.002533114717857077,0.0,0.7342492900699271,0.2252669310755934,0.003337131908823661,0.03461353222779873,0.002533114717857077,0.997466885282143
Gwh,2021-09-02,2021,9,09-02,Thursday,0.0,0.0,0.2795,0.0,141.212375,11.175,0.573,6.576,0.2795,159.536375,159.815875,0.0,0.0,0.0017488875870435275,0.0,0.8835941673503962,0.06992421747839506,0.0035853759834559612,0.04114735160070925,0.0017488875870435275,0.9982511124129564
Gwh,2021-09-03,2021,9,09-03,Friday,0.0,0.0,0.6775,0.0,132.38637599999998,0.168,0.595,6.604,0.6775,139.753376,140.43087599999998,0.0,0.0,0.004824437611569126,0.0,0.9427155891272799,0.0011963181088466615,0.0042369599688319255,0.047026695183472335,0.004824437611569126,0.995175562388431
Gwh,2021-09-04,2021,9,09-04,Saturday,0.0,0.0,0.00125,0.0,121.803751,0.177,0.571,6.669,0.00125,129.220751,129.222001,0.0,0.0,9.673275373595244e-06,0.0,0.9425929799678616,0.0013697357929010863,0.004418752190658307,0.05160885877320534,9.673275373595244e-06,0.9999903267246264
Gwh,2021-09-05,2021,9,09-05,Sunday,0.0,0.0,0.01925,0.0,108.95125,5.454,0.546,6.576,0.01925,121.52725,121.5465,0.0,0.0,0.00015837560110739513,0.0,0.8963750498780303,0.04487171576310301,0.00449210795868248,0.05410275079907689,0.00015837560110739513,0.9998416243988926
Gwh,2021-09-06,2021,9,09-06,Monday,0.0,0.0,0.924,0.0,114.82675,1.404,0.63,6.576,0.924,123.43675,124.36075,0.0,0.0,0.007429997004681944,0.0,0.9233359399971455,0.011289735708412824,0.00506590704864678,0.05287842024111305,0.007429997004681944,0.9925700029953182
Gwh,2021-09-07,2021,9,09-07,Tuesday,0.0,0.0,1.19575,0.0,114.104125,1.905,0.645,6.599,1.19575,123.253125,124.448875,0.0,0.0,0.009608363273673627,0.0,0.9168755040975661,0.015307490726613639,0.005182851190900681,0.053025790711245885,0.009608363273673627,0.9903916367263264
Gwh,2021-09-08,2021,9,09-08,Wednesday,0.0,0.0,1.211,0.0,105.12925,17.869,0.6035,6.615,1.211,130.21675,131.42775,0.0,0.0,0.009214188023457756,0.0,0.7999014667754717,0.1359606323626479,0.00459187652531524,0.05033183631310739,0.009214188023457756,0.9907858119765421
Gwh,2021-09-09,2021,9,09-09,Thursday,0.0,0.0,1.13375,0.0,104.287876,28.965,0.58,6.621,1.13375,140.45387599999998,141.587626,0.0,0.0,0.008007408783024585,0.0,0.7365606652660452,0.20457296176432818,0.004096403170147086,0.04676256101645493,0.008007408783024585,0.9919925912169753
Gwh,2021-09-10,2021,9,09-10,Friday,0.0,0.0,1.0055,0.0,106.234999,10.019,0.531,6.672,1.0055,123.456999,124.462499,0.0,0.0,0.008078738640785286,0.0,0.8535502649677635,0.08049814265741202,0.004266345319002473,0.053606508415036724,0.008078738640785286,0.9919212613592148
Gwh,2021-09-11,2021,9,09-11,Saturday,0.0,0.0,0.01275,0.0,89.735,1.731,0.574,6.658,0.01275,98.698,98.71075,0.0,0.0,0.00012916526315522877,0.0,0.9090701873909376,0.017536083962486355,0.005814969494204025,0.06744959388921673,0.00012916526315522877,0.9998708347368447
Gwh,2021-09-12,2021,9,09-12,Sunday,0.0,0.0,0.8235,0.0,80.68925,2.493,0.526,6.624,0.8235,90.33225,91.15575,0.0,0.0,0.009033988530619298,0.0,0.8851800352693056,0.02734879587957973,0.005770343615186096,0.07266683670530932,0.009033988530619298,0.9909660114693808
Gwh,2021-09-13,2021,9,09-13,Monday,0.0,0.0,6.87975,0.0,92.07675,2.112,0.61,6.467,6.87975,101.26575,108.1455,0.0,0.0,0.06361568442514945,0.0,0.8514154541797856,0.01952924532227416,0.005640549075088654,0.05979906699770217,0.06361568442514945,0.9363843155748506
Gwh,2021-09-14,2021,9,09-14,Tuesday,0.0,0.0,8.10175,0.0,97.78675100000001,1.911,0.629502,6.46,8.10175,106.78725299999999,114.889003,0.0,0.0,0.07051806342161399,0.0,0.851141087889848,0.016633445761558223,0.005479218929247736,0.05622818399773214,0.07051806342161399,0.929481936578386
Gwh,2021-09-15,2021,9,09-15,Wednesday,0.0,0.0,5.852,0.0,101.125501,2.836,0.56,6.296,5.852,110.81750100000001,116.669501,0.0,0.0,0.05015878142823291,0.0,0.8667689510388837,0.024307980883538707,0.004799883390261522,0.05396440325908311,0.05015878142823291,0.9498412185717672
Gwh,2021-09-16,2021,9,09-16,Thursday,0.0,0.0,12.2575,0.0,91.80225,8.756,0.584,6.452,12.2575,107.59425,119.85175,0.0,0.0,0.1022721820916257,0.0,0.7659650359715232,0.07305692240622269,0.0048726864647366435,0.053833173065891825,0.1022721820916257,0.8977278179083743
Gwh,2021-09-17,2021,9,09-17,Friday,0.0,0.0,8.09725,0.0,96.045,33.727,0.536,6.468,8.09725,136.776,144.87325,0.0,0.0,0.05589196073119088,0.0,0.6629588278029243,0.23280350237190092,0.0036997858472837463,0.04464592324670013,0.05589196073119088,0.9441080392688092
Gwh,2021-09-18,2021,9,09-18,Saturday,0.0,0.0,8.143,0.0,83.2275,10.473,0.632,6.538,8.143,100.8705,109.0135,0.0,0.0,0.0746971705339247,0.0,0.7634604888385385,0.09607067014635803,0.005797447105175047,0.059974223376003895,0.0746971705339247,0.9253028294660754
Gwh,2021-09-19,2021,9,09-19,Sunday,0.0,0.0,1.0155,0.0,73.28825,11.257,0.537,6.574,1.0155,91.65625,92.67175,0.0,0.0,0.010958031978461614,0.0,0.7908370134372126,0.12147175379767836,0.00579464615700038,0.07093855462964711,0.010958031978461614,0.9890419680215383
Gwh,2021-09-20,2021,9,09-20,Monday,0.0,0.0,14.74625,0.0,93.011,13.287,0.567,6.59,14.74625,113.455,128.20125,0.0,0.0,0.11502422948294187,0.0,0.7255077466093349,0.10364173516248869,0.004422733787697078,0.05140355495753747,0.11502422948294187,0.8849757705170582
Gwh,2021-09-21,2021,9,09-21,Tuesday,0.0,0.0,9.4675,0.0,89.84775,6.662,0.5205,6.635,9.4675,103.66525,113.13275,0.0,0.0,0.08368487462737359,0.0,0.7941798462425779,0.05888657351651047,0.004600789780147658,0.058647915833390414,0.08368487462737359,0.9163151253726264
Gwh,2021-09-22,2021,9,09-22,Wednesday,0.0,0.0,9.76975,0.0,90.68925,24.117,0.574,6.672,9.76975,122.05225,131.822,0.0,0.0,0.07411319810046882,0.0,0.687967486459013,0.18295125244648086,0.004354356632428578,0.050613706361608835,0.07411319810046882,0.9258868018995312
Gwh,2021-09-23,2021,9,09-23,Thursday,0.0,0.0,8.50225,0.0,81.84275,13.32,0.6015,6.593,8.50225,102.35725,110.8595,0.0,0.0,0.07669392338951556,0.0,0.738256531916525,0.12015208439511274,0.005425786693968492,0.05947167360487825,0.07669392338951556,0.9233060766104844
Gwh,2021-09-24,2021,9,09-24,Friday,0.0,0.0,24.18575,0.0,75.7525,39.225,0.576,6.649,24.18575,122.2025,146.38825,0.0,0.0,0.16521647058421696,0.0,0.5174766417386641,0.26795183356587704,0.003934742030183433,0.04542031208105842,0.16521647058421696,0.834783529415783
Gwh,2021-09-25,2021,9,09-25,Saturday,0.0,0.0,2.81425,0.0,74.409625,5.764,0.5995,6.656,2.81425,87.429125,90.243375,0.0,0.0,0.03118511469678522,0.0,0.8245439069626995,0.06387172465568802,0.006643146934608773,0.0737561067502185,0.03118511469678522,0.9688148853032148
Gwh,2021-09-26,2021,9,09-26,Sunday,0.0,0.0,0.39,0.0,68.14425,2.972,0.5575,6.61,0.39,78.28375,78.67375,0.0,0.0,0.004957180762325426,0.0,0.8661624747771652,0.037776259552900426,0.00708622634614468,0.08401785856146428,0.004957180762325426,0.9950428192376746
Gwh,2021-09-27,2021,9,09-27,Monday,0.0,0.0,20.41175,0.0,81.08775,5.217,0.553,6.639,20.41175,93.49675,113.9085,0.0,0.0,0.17919426557280624,0.0,0.7118674199028167,0.04579991835552219,0.004854773787733137,0.05828362238112169,0.17919426557280624,0.8208057344271937
Gwh,2021-09-28,2021,9,09-28,Tuesday,0.0,0.0,0.492,0.0,92.025625,14.859,0.575,6.672,0.492,114.131625,114.623625,0.0,0.0,0.004292308849942583,0.0,0.8028504158719462,0.12963296179125375,0.005016417863245906,0.05820789562361162,0.004292308849942583,0.9957076911500574
Gwh,2021-09-29,2021,9,09-29,Wednesday,0.0,0.0,29.19875,0.0,80.759501,4.293,0.5315,6.646,29.19875,92.230001,121.428751,0.0,0.0,0.24045993851983208,0.0,0.6650772599975108,0.035354065364635104,0.004377052350641406,0.05473168376738059,0.24045993851983208,0.7595400614801678
Gwh,2021-09-30,2021,9,09-30,Thursday,0.0,0.0,8.952,0.0,84.962501,12.77,0.5374990000000001,6.652,8.952,104.922,113.874,0.0,0.0,0.07861320406765372,0.0,0.7461097441031316,0.11214148971670443,0.004720120484043768,0.058415441628466555,0.07861320406765372,0.9213867959323463
Gwh,2021-10-01,2021,10,10-01,Friday,0.0,0.0,7.38925,0.0,76.797875,20.437,0.522,6.504,7.38925,104.260875,111.650125,0.0,0.0,0.06618219191424998,0.0,0.687844057496577,0.18304502569970255,0.004675319440976891,0.058253405448493674,0.06618219191424998,0.93381780808575
Gwh,2021-10-02,2021,10,10-02,Saturday,0.0,0.0,2.8765,0.0,61.305,36.657,0.5354990000000001,6.755,2.8765,105.252499,108.128999,0.0,0.0,0.02660248431597892,0.0,0.5669616898978229,0.33901173911727417,0.004952408742820232,0.0624716779261038,0.02660248431597892,0.9733975156840211
Gwh,2021-10-03,2021,10,10-03,Sunday,0.0,0.0,0.29925,0.0,61.45925,48.055,0.515,6.755,0.29925,116.78425,117.0835,0.0,0.0,0.0025558682478743805,0.0,0.5249181139955672,0.4104335794539794,0.00439857025114555,0.05769386805143338,0.0025558682478743805,0.9974441317521257
Gwh,2021-10-04,2021,10,10-04,Monday,0.0,0.0,25.44025,0.0,73.118375,10.102,0.546,6.757,25.44025,90.523375,115.963625,0.0,0.0,0.21938129305633555,0.0,0.6305285385826807,0.08711352374505368,0.0047083729919619195,0.05826827162396829,0.21938129305633555,0.7806187069436645
Gwh,2021-10-05,2021,10,10-05,Tuesday,0.0,0.0,34.4575,0.0,66.6175,45.848,0.465,6.757,34.4575,119.6875,154.145,0.0,0.0,0.2235395244737098,0.0,0.43217425151642935,0.2974342340004541,0.0030166401764572318,0.04383534983294949,0.2235395244737098,0.7764604755262902
Gwh,2021-10-06,2021,10,10-06,Wednesday,0.0,0.0,31.5755,0.0,92.54249899999999,7.89,0.5165,6.777,31.5755,107.725999,139.301499,0.0,0.0,0.2266702097728324,0.0,0.6643323988925631,0.05663973508282204,0.0037077849391986798,0.04864987131258365,0.2266702097728324,0.7733297902271676
Gwh,2021-10-07,2021,10,10-07,Thursday,0.0,0.0,20.79525,0.0,103.1205,9.249,0.492,6.768,20.79525,119.6295,140.42475,0.0,0.0,0.14808821094572006,0.0,0.7343470435233106,0.06586445765436649,0.003503655872629291,0.04819663200397366,0.14808821094572006,0.85191178905428
Gwh,2021-10-08,2021,10,10-08,Friday,0.0,0.0,20.582,0.0,93.5095,8.403,0.503499,6.77,20.582,109.185999,129.767999,0.0,0.0,0.15860612908117663,0.0,0.7205898273888002,0.06475402306234221,0.003879993556809025,0.052170026910871914,0.15860612908117663,0.8413938709188233
Gwh,2021-10-09,2021,10,10-09,Saturday,0.0,0.0,10.0655,0.0,75.205,5.407,0.518,6.768,10.0655,87.898,97.9635,0.0,0.0,0.10274745185706922,0.0,0.7676838822622711,0.055194026346547444,0.005287683678104601,0.06908695585600759,0.10274745185706922,0.8972525481429308
Gwh,2021-10-10,2021,10,10-10,Sunday,0.0,0.0,14.81025,0.0,65.47225,5.561,0.542,6.753,14.81025,78.32825,93.1385,0.0,0.0,0.1590131900341964,0.0,0.7029558131170247,0.0597067807619835,0.005819290626325312,0.07250492546047016,0.1590131900341964,0.8409868099658037
Gwh,2021-10-11,2021,10,10-11,Monday,0.0,0.0,38.0525,0.0,69.49987399999999,29.63,0.4695,6.583,38.0525,106.182374,144.23487400000002,0.0,0.0,0.2638231583299334,0.0,0.4818520796849726,0.20542882021722428,0.003255107360512548,0.04564083440735699,0.2638231583299334,0.7361768416700665
Gwh,2021-10-12,2021,10,10-12,Tuesday,0.0,0.0,48.58525,0.0,72.8495,21.927,0.4975,6.276,48.58525,101.55,150.13525,0.0,0.0,0.32360987842628564,0.0,0.4852258213843851,0.1460483131043509,0.0033136788329189842,0.04180230825205939,0.32360987842628564,0.6763901215737143
Gwh,2021-10-13,2021,10,10-13,Wednesday,0.0,0.0,28.41225,0.0,74.707124,34.456,0.519,6.374,28.41225,116.056124,144.468374,0.0,0.0,0.19666761114096845,0.0,0.517117497286984,0.2385020267480826,0.0035924817704392517,0.04412038305352561,0.19666761114096845,0.8033323888590315
Gwh,2021-10-14,2021,10,10-14,Thursday,0.0,0.0,24.3995,0.0,86.923378,13.327,0.508,6.581,24.3995,107.339378,131.738878,0.0,0.0,0.1852110809688238,0.0,0.6598156847821339,0.10116224004883358,0.0038561129995353383,0.04995488120067335,0.1852110809688238,0.8147889190311762
Gwh,2021-10-15,2021,10,10-15,Friday,0.0,0.0,21.99575,0.0,81.668374,8.242,0.545,6.623,21.99575,97.078374,119.074124,0.0,0.0,0.18472317293722018,0.0,0.6858616402670323,0.06921738932969182,0.004576980973632861,0.05562081649242282,0.18472317293722018,0.8152768270627798
Gwh,2021-10-16,2021,10,10-16,Saturday,0.0,0.0,17.8535,0.0,73.6255,7.682,0.5305,6.625,17.8535,88.463,106.3165,0.0,0.0,0.16792783810603246,0.0,0.6925124510306491,0.07225595274487027,0.004989818137354032,0.062313939981094184,0.16792783810603246,0.8320721618939675
Gwh,2021-10-17,2021,10,10-17,Sunday,0.0,0.0,29.57575,0.0,63.78525,0.161,0.458,6.768,29.57575,71.17225,100.748,0.0,0.0,0.29356165879223406,0.0,0.6331167864374478,0.0015980466113471234,0.004545995950291817,0.06717751220867907,0.29356165879223406,0.7064383412077659
Gwh,2021-10-18,2021,10,10-18,Monday,0.0,0.0,61.583,0.0,72.762,2.242,0.504,6.805,61.583,82.313,143.896,0.0,0.0,0.4279688108078057,0.0,0.505656863290154,0.015580697170178464,0.003502529604714516,0.047291099127147386,0.4279688108078057,0.5720311891921944
Gwh,2021-10-19,2021,10,10-19,Tuesday,0.0,0.0,46.54325,0.0,65.406126,12.291,0.436,6.853,46.54325,84.986126,131.52937599999998,0.0,0.0,0.35386201482473395,0.0,0.4972739017632077,0.09344680537372885,0.003314848844109167,0.052102429194220465,0.35386201482473395,0.6461379851752661
Gwh,2021-10-20,2021,10,10-20,Wednesday,0.0,0.0,38.27425,0.0,59.984,27.282,0.434,6.837,38.27425,94.537,132.81125,0.0,0.0,0.2881853005675348,0.0,0.45164848610339864,0.20541934512324822,0.0032677954616043446,0.05147907274421406,0.2881853005675348,0.7118146994324653
Gwh,2021-10-21,2021,10,10-21,Thursday,0.0,0.0,30.455,0.0,66.868625,26.417,0.441999,6.912,30.455,100.639624,131.094624,0.0,0.0,0.23231311148197806,0.0,0.5100790784525229,0.20151093304939796,0.0033716027897528426,0.05272527422634813,0.23231311148197806,0.7676868885180218
Gwh,2021-10-22,2021,10,10-22,Friday,0.0,0.0,43.91575,0.0,65.448625,25.933667,0.459,6.911,43.91575,98.752292,142.668042,0.0,0.0,0.30781771014983156,0.0,0.45874762197970026,0.1817762873622391,0.0032172587046508986,0.04844112180357812,0.30781771014983156,0.6921822898501683
Gwh,2021-10-23,2021,10,10-23,Saturday,0.0,0.0,20.153,0.0,63.8425,29.616332999999997,0.476001,6.893,20.153,100.827834,120.980834,0.0,0.0,0.1665801047461782,0.0,0.5277075540742263,0.24480185844974417,0.00393451577627577,0.05697596695357547,0.1665801047461782,0.8334198952538218
Gwh,2021-10-24,2021,10,10-24,Sunday,0.0,0.0,16.76375,0.0,50.84175,16.0825,0.4775,6.903,16.76375,74.30475,91.0685,0.0,0.0,0.1840784684056507,0.0,0.5582803054843332,0.17659783569510862,0.005243305863168933,0.07580008455173852,0.1840784684056507,0.8159215315943493
Gwh,2021-10-25,2021,10,10-25,Monday,0.0,0.0,38.54925,0.0,61.465125,52.0535,0.525,6.923,38.54925,120.966625,159.515875,0.0,0.0,0.24166403500592026,0.0,0.38532293415937446,0.32632175324242807,0.003291208476899243,0.04340006911537802,0.24166403500592026,0.7583359649940797
Gwh,2021-10-26,2021,10,10-26,Tuesday,0.0,0.0,53.6945,0.0,72.890999,7.147,0.419,6.943,53.6945,87.399999,141.094499,0.0,0.0,0.38055700527346564,0.0,0.516611203956293,0.050653994667786445,0.00296964093546978,0.04920815516698492,0.38055700527346564,0.6194429947265342
Gwh,2021-10-27,2021,10,10-27,Wednesday,0.0,0.0,63.31325,0.0,68.48725,2.933,0.481999,6.933,63.31325,78.83524899999999,142.14849900000002,0.0,0.0,0.44540217058500203,0.0,0.48180072587329953,0.020633351886466277,0.003390813152378063,0.04877293850285397,0.44540217058500203,0.5545978294149978
Gwh,2021-10-28,2021,10,10-28,Thursday,0.0,0.0,62.2355,0.0,56.99675,29.623,0.46250300000000005,6.799,62.2355,93.881253,156.116753,0.0,0.0,0.3986471586428652,0.0,0.36509054220465376,0.18974901431622782,0.0029625456020085177,0.043550739234244774,0.3986471586428652,0.6013528413571348
Gwh,2021-10-29,2021,10,10-29,Friday,0.0,0.0,53.8935,0.0,54.026,39.027,0.449,6.962,53.8935,100.464,154.3575,0.0,0.0,0.3491472717555027,0.0,0.3500056686587954,0.2528351392060639,0.002908831770403123,0.04510308860923506,0.3491472717555027,0.6508527282444974
Gwh,2021-10-30,2021,10,10-30,Saturday,0.0,0.0,14.87525,0.0,45.69125,47.875,0.414,6.943,14.87525,100.92325,115.7985,0.0,0.0,0.1284580542925858,0.0,0.3945754910469479,0.4134336800563047,0.0035751758442466868,0.05995759875991485,0.1284580542925858,0.8715419457074141
Gwh,2021-10-31,2021,10,10-31,Sunday,0.0,0.0,11.0155,0.0,42.5315,41.466,0.489,6.958,11.0155,91.4445,102.46,0.0,0.0,0.10751024790162014,0.0,0.415103455006832,0.4047042748389616,0.004772594183095842,0.06790942806949053,0.10751024790162014,0.89248975209838
Gwh,2021-11-01,2021,11,11-01,Monday,0.0,0.0,24.94325,0.0,43.02275,34.253,0.4355,6.844,24.94325,84.55525,109.4985,0.0,0.0,0.2277953579272775,0.0,0.39290720877454943,0.3128170705534779,0.00397722343228446,0.06250313931241067,0.2277953579272775,0.7722046420727224
Gwh,2021-11-02,2021,11,11-02,Tuesday,0.0,0.0,33.55975,0.0,77.194,9.782,0.41,6.775,33.55975,94.161,127.72075,0.0,0.0,0.2627587921304878,0.0,0.6043967013973846,0.0765889645965906,0.0032101283464119963,0.05304541352912507,0.2627587921304878,0.7372412078695122
Gwh,2021-11-03,2021,11,11-03,Wednesday,0.0,0.0,33.536,0.0,71.18100100000001,28.569,0.429,6.861,33.536,107.040001,140.576001,0.0,0.0,0.23856134590142455,0.0,0.5063524392047546,0.20322814560644673,0.003051730003331081,0.04880633928404323,0.23856134590142455,0.7614386540985756
Gwh,2021-11-04,2021,11,11-04,Thursday,0.0,0.0,44.964,0.0,75.931875,35.769,0.443,6.674,44.964,118.817875,163.781875,0.0,0.0,0.27453587278812136,0.0,0.4636158610346841,0.21839412938702768,0.0027048170012707448,0.04074931978889605,0.27453587278812136,0.7254641272118786
Gwh,2021-11-05,2021,11,11-05,Friday,0.0,0.0,50.979,0.0,83.025875,19.212,0.4385,6.584,50.979,109.260375,160.239375,0.0,0.0,0.3181427785773628,0.0,0.5181365379139803,0.11989562490492739,0.002736530893233951,0.04108852771049563,0.3181427785773628,0.6818572214226373
Gwh,2021-11-06,2021,11,11-06,Saturday,0.0,0.0,32.143,0.0,68.4285,5.732,0.377,6.59,32.143,81.1275,113.2705,0.0,0.0,0.28377203243562976,0.0,0.6041158112659518,0.05060452633298167,0.0033283158456968056,0.058179314119739915,0.28377203243562976,0.7162279675643702
Gwh,2021-11-07,2021,11,11-07,Sunday,0.0,0.0,17.7095,0.0,55.1155,11.001,0.3695,6.547,17.7095,73.033,90.7425,0.0,0.0,0.19516213461167586,0.0,0.60738353031931,0.12123315976526984,0.004071961870127008,0.07214921343361709,0.19516213461167586,0.804837865388324
Gwh,2021-11-08,2021,11,11-08,Monday,0.0,0.0,46.36225,0.0,65.32475,15.503,0.434,6.585,46.36225,87.84675,134.209,0.0,0.0,0.3454481443122294,0.0,0.48673896683530904,0.11551386270667392,0.00323376226631597,0.04906526387947157,0.3454481443122294,0.6545518556877705
Gwh,2021-11-09,2021,11,11-09,Tuesday,0.0,0.0,59.18325,0.0,66.349125,14.240222,0.457999,6.622,59.18325,87.66934599999999,146.85259599999998,0.0,0.0,0.4030112617144338,0.0,0.4518076411805482,0.09696949449909624,0.0031187667938808524,0.045092835812041085,0.4030112617144338,0.5969887382855663
Gwh,2021-11-10,2021,11,11-10,Wednesday,0.0,0.0,40.682,0.0,59.05425,54.868777,0.3915,6.649,40.682,120.963527,161.64552700000002,0.0,0.0,0.2516741462323297,0.0,0.3653317917049446,0.3394388822154045,0.002421966182831647,0.04113321366448946,0.2516741462323297,0.7483258537676702
Gwh,2021-11-11,2021,11,11-11,Thursday,0.0,0.0,41.53825,0.0,68.59275,16.973,0.386,6.577,41.53825,92.52875,134.067,0.0,0.0,0.30983202428636425,0.0,0.5116303788404305,0.12660087866514502,0.0028791574362072693,0.04905756077185287,0.30983202428636425,0.6901679757136358
Gwh,2021-11-12,2021,11,11-12,Friday,0.0,0.0,55.24275,0.0,71.9905,2.379,0.415,6.59,55.24275,81.3745,136.61725,0.0,0.0,0.4043614550871138,0.0,0.5269502936122634,0.017413613581008253,0.0030376837478429696,0.048236953971771496,0.4043614550871138,0.5956385449128861
Gwh,2021-11-13,2021,11,11-13,Saturday,0.0,0.0,40.883,0.0,56.707750999999995,5.23,0.421,6.574,40.883,68.932751,109.81575099999999,0.0,0.0,0.37228721406276233,0.0,0.5163899575753937,0.04762522636666211,0.0038336941300888615,0.059863907865093054,0.37228721406276233,0.6277127859372378
Gwh,2021-11-14,2021,11,11-14,Sunday,0.0,0.0,39.728,0.0,54.97425,1.198,0.402,6.53,39.728,63.10425,102.83225,0.0,0.0,0.38633794359259865,0.0,0.5346012559289522,0.011650041694118332,0.003909279433251728,0.06350147935107907,0.38633794359259865,0.6136620564074013
Gwh,2021-11-15,2021,11,11-15,Monday,0.0,0.0,45.2055,0.0,69.3795,2.663,0.427,6.502,45.2055,78.9715,124.177,0.0,0.0,0.36404084492297284,0.0,0.5587145767734765,0.021445195164966135,0.003438640005798175,0.05236074313278626,0.36404084492297284,0.6359591550770272
Gwh,2021-11-16,2021,11,11-16,Tuesday,0.0,0.0,55.086,0.0,71.12575,31.54,0.4245,6.572,55.086,109.66225,164.74825,0.0,0.0,0.3343647049361677,0.0,0.4317238574613083,0.1914436116923852,0.0025766586291508403,0.03989116728098781,0.3343647049361677,0.6656352950638322
Gwh,2021-11-17,2021,11,11-17,Wednesday,0.0,0.0,56.829,0.0,67.7105,8.895,0.404,6.641,56.829,83.6505,140.4795,0.0,0.0,0.4045358931374329,0.0,0.4819955936631323,0.06331884723393805,0.002875864449973128,0.047273801515523614,0.4045358931374329,0.5954641068625671
Gwh,2021-11-18,2021,11,11-18,Thursday,0.0,0.0,67.49575,0.0,62.33525100000001,25.99,0.4195,6.659,67.49575,95.403751,162.899501,0.0,0.0,0.4143398204761843,0.0,0.38266078543727405,0.15954622230549376,0.002575207397351082,0.04087796438369692,0.4143398204761843,0.5856601795238158
Gwh,2021-11-19,2021,11,11-19,Friday,0.0,0.0,75.29325,0.0,58.120248999999994,38.8415,0.401,6.651,75.29325,104.01374899999999,179.30699900000002,0.0,0.0,0.41991249878650855,0.0,0.32413820611653865,0.21662009969839494,0.002236387883553837,0.03709280751500391,0.41991249878650855,0.5800875012134913
Gwh,2021-11-20,2021,11,11-20,Saturday,0.0,0.0,65.907,0.0,46.443,30.3905,0.4185,6.649,65.907,83.901,149.808,0.0,0.0,0.4399431272028196,0.0,0.3100168215315604,0.20286299797073587,0.002793575776994553,0.04438347751788957,0.4399431272028196,0.5600568727971804
Gwh,2021-11-21,2021,11,11-21,Sunday,0.0,0.0,67.79075,0.0,47.24925,2.327,0.396,6.635,67.79075,56.60725,124.398,0.0,0.0,0.5449504815189955,0.0,0.37982322866927126,0.01870608852232351,0.003183330921718999,0.053336870367690796,0.5449504815189955,0.45504951848100456
Gwh,2021-11-22,2021,11,11-22,Monday,0.0,0.0,60.99275,0.0,63.54775,17.332,0.385501,6.62,60.99275,87.88525100000001,148.87800099999998,0.0,0.0,0.40968275762918127,0.0,0.42684446038471463,0.1164174685553442,0.0025893751757185405,0.044465938255041464,0.40968275762918127,0.590317242370819
Gwh,2021-11-23,2021,11,11-23,Tuesday,0.0,0.0,63.649,0.0,66.9625,17.6,0.399,6.671,63.649,91.6325,155.2815,0.0,0.0,0.40989428875944656,0.0,0.43123295434420716,0.11334254241490456,0.0025695269558833477,0.04296068752555843,0.40989428875944656,0.5901057112405534
Gwh,2021-11-24,2021,11,11-24,Wednesday,0.0,0.0,55.28225,0.0,61.215,13.648,0.405,6.672,55.28225,81.94,137.22225,0.0,0.0,0.40286651763835674,0.0,0.4461011242710275,0.09945908917832202,0.002951416406595869,0.04862185250569787,0.40286651763835674,0.5971334823616432
Gwh,2021-11-25,2021,11,11-25,Thursday,0.0,0.0,75.001,0.0,63.607,38.692,0.4105,6.636,75.001,109.3455,184.3465,0.0,0.0,0.40684797378849075,0.0,0.3450404537108109,0.20988735885953896,0.0022267848860705246,0.03599742875508893,0.40684797378849075,0.5931520262115093
Gwh,2021-11-26,2021,11,11-26,Friday,0.0,0.0,77.4315,0.0,48.56475,20.386,0.298,6.655,77.4315,75.90375,153.33525,0.0,0.0,0.5049817312066208,0.0,0.31672267140139004,0.13295051203164307,0.001943453967694969,0.043401631392651074,0.5049817312066208,0.49501826879337923
Gwh,2021-11-27,2021,11,11-27,Saturday,0.0,0.0,63.08575,0.0,38.2555,7.692,0.382,6.77,63.08575,53.0995,116.18525,0.0,0.0,0.5429755498223742,0.0,0.3292629658239751,0.0662046171953841,0.003287852804034936,0.05826901435423171,0.5429755498223742,0.45702445017762583
Gwh,2021-11-28,2021,11,11-28,Sunday,0.0,0.0,52.22325,0.0,33.54075,12.283,0.38,6.747,52.22325,52.95075,105.174,0.0,0.0,0.4965414456044269,0.0,0.3189072394317987,0.11678741894384542,0.0036130602620419493,0.06415083575788692,0.4965414456044269,0.503458554395573
Gwh,2021-11-29,2021,11,11-29,Monday,0.0,0.0,53.5175,0.0,55.700874,47.537,0.375,6.759,53.5175,110.37187399999999,163.889374,0.0,0.0,0.3265464910495051,0.0,0.3398687336495653,0.2900554126224193,0.0022881288203590307,0.04124123385815117,0.3265464910495051,0.6734535089504948
Gwh,2021-11-30,2021,11,11-30,Tuesday,0.0,0.0,62.0565,0.0,44.62625,48.766332999999996,0.3885,6.753,62.0565,100.534083,162.59058299999998,0.0,0.0,0.3816733961769484,0.0,0.27447007801183665,0.2999333177863075,0.0023894372775574587,0.04153377074735012,0.3816733961769484,0.6183266038230517
Gwh,2021-12-01,2021,12,12-01,Wednesday,0.0,0.0,69.22175,0.0,54.22725,31.083667000000002,0.389,6.483,69.22175,92.182917,161.40466700000002,0.0,0.0,0.42887080830196805,0.0,0.3359707684288955,0.19258220705600787,0.0024100914008886743,0.04016612481223978,0.42887080830196805,0.5711291916980319
Gwh,2021-12-02,2021,12,12-02,Thursday,0.0,0.0,78.72875,0.0,75.80825,11.955,0.374,6.467,78.72875,94.60425,173.333,0.0,0.0,0.4542052003946162,0.0,0.4373561295310183,0.06897128648324324,0.0021576964571085712,0.03730968713401372,0.4542052003946162,0.5457947996053838
Gwh,2021-12-03,2021,12,12-03,Friday,0.0,0.0,78.78375,0.0,64.38225,24.699,0.368,6.43,78.78375,95.87925,174.663,0.0,0.0,0.45106147266450247,0.0,0.36860840590165056,0.14140945706875527,0.0021069144581279376,0.03681374990696369,0.45106147266450247,0.5489385273354974
Gwh,2021-12-04,2021,12,12-04,Saturday,0.0,0.0,51.78,0.0,50.64425,45.025,0.3845,6.387,51.78,102.44075,154.22075,0.0,0.0,0.3357524846688918,0.0,0.3283880411682604,0.29195163426452014,0.002493179419760311,0.04141466047856724,0.3357524846688918,0.664247515331108
Gwh,2021-12-05,2021,12,12-05,Sunday,0.0,0.0,54.09475,0.0,56.985,3.761,0.37649900000000003,6.285,54.09475,67.40749900000002,121.502249,0.0,0.0,0.44521603875826193,0.0,0.4690036642860824,0.030954159539878148,0.003098699843819352,0.05172743757195803,0.44521603875826193,0.5547839612417381
Gwh,2021-12-06,2021,12,12-06,Monday,0.0,0.0,79.7985,0.0,63.6605,30.021,0.4015,6.194,79.7985,100.277,180.0755,0.0,0.0,0.44313912775474734,0.0,0.353521161957068,0.1667134063212375,0.002229620353684982,0.034396683613262216,0.44313912775474734,0.5568608722452527
Gwh,2021-12-07,2021,12,12-07,Tuesday,0.0,0.0,78.08375,0.0,64.8745,10.534,0.365,6.269,78.08375,82.0425,160.12625,0.0,0.0,0.4876386601197492,0.0,0.40514593953208794,0.06578559105705654,0.002279451370403041,0.0391503579207032,0.4876386601197492,0.5123613398802508
Gwh,2021-12-08,2021,12,12-08,Wednesday,0.0,0.0,62.5565,0.0,57.865,32.675,0.378,6.288,62.5565,97.206,159.7625,0.0,0.0,0.3915593459040764,0.0,0.3621938815429153,0.20452233784523902,0.0023660120491354355,0.039358422658633915,0.3915593459040764,0.6084406540959237
Gwh,2021-12-09,2021,12,12-09,Thursday,0.0,0.0,55.46125,0.0,71.694,15.742,0.351,6.288,55.46125,94.075,149.53625,0.0,0.0,0.37088832975281916,0.0,0.4794422757023799,0.10527213301122638,0.0023472569360272174,0.04205000459754742,0.37088832975281916,0.629111670247181
Gwh,2021-12-10,2021,12,12-10,Friday,0.0,0.0,59.54175,0.0,67.959,18.924,0.364,6.198,59.54175,93.445,152.98675,0.0,0.0,0.38919546954229695,0.0,0.4442149401827283,0.12369698683055885,0.0023792910170325208,0.04051331242738342,0.38919546954229695,0.610804530457703
Gwh,2021-12-11,2021,12,12-11,Saturday,0.0,0.0,54.393,0.0,59.60925,12.293625,0.394,6.287,54.393,78.583875,132.976875,0.0,0.0,0.4090410456705348,0.0,0.4482677909222938,0.09244934504589614,0.002962921184604466,0.047278897176670755,0.4090410456705348,0.5909589543294652
Gwh,2021-12-12,2021,12,12-12,Sunday,0.0,0.0,39.79025,0.0,49.18075,51.419375,0.32549900000000004,6.209,39.79025,107.134624,146.92487400000002,0.0,0.0,0.27082037858341124,0.0,0.3347339947352958,0.34997052303070203,0.0022154111222855294,0.04225969252830531,0.27082037858341124,0.7291796214165887
Gwh,2021-12-13,2021,12,12-13,Monday,0.0,0.0,68.3705,0.0,69.304999,25.412,0.366,6.288,68.3705,101.370999,169.741499,0.0,0.0,0.4027918947504994,0.0,0.4082973192077206,0.14971000108818408,0.0021562199117848018,0.03704456504181102,0.4027918947504994,0.5972081052495005
Gwh,2021-12-14,2021,12,12-14,Tuesday,0.0,0.0,60.23425,0.0,85.665001,7.392,0.364,6.288,60.23425,99.709001,159.94325099999998,0.0,0.0,0.37659763461979406,0.0,0.5355962221875809,0.04621639208771617,0.0022758071861375385,0.03931394391877155,0.37659763461979406,0.6234023653802061
Gwh,2021-12-15,2021,12,12-15,Wednesday,0.0,0.0,60.3515,0.0,76.80574899999999,14.817,0.3785,6.383,60.3515,98.384249,158.735749,0.0,0.0,0.3802010598129348,0.0,0.48385917780877447,0.09334381255226887,0.0023844660222065036,0.04021148380381536,0.3802010598129348,0.6197989401870653
Gwh,2021-12-16,2021,12,12-16,Thursday,0.0,0.0,56.1555,0.0,76.81800199999999,40.097,0.371,6.384,56.1555,123.670002,179.82550199999997,0.0,0.0,0.31227773244308815,0.0,0.4271808010857103,0.22297727271185377,0.002063111159839832,0.03550108259950806,0.31227773244308815,0.687722267556912
Gwh,2021-12-17,2021,12,12-17,Friday,0.0,0.0,56.3235,0.0,67.852,55.883,0.4,6.384,56.3235,130.519,186.8425,0.0,0.0,0.3014490814456026,0.0,0.36315078207581253,0.29909148079264625,0.00214084054751997,0.034167815138418725,0.3014490814456026,0.6985509185543974
Gwh,2021-12-18,2021,12,12-18,Saturday,0.0,0.0,47.8495,0.0,57.5505,42.953,0.324501,6.384,47.8495,107.212001,155.061501,0.0,0.0,0.3085840114497537,0.0,0.3711462847247945,0.2770062183262369,0.0020927244861379227,0.041170761013077005,0.3085840114497537,0.6914159885502463
Gwh,2021-12-19,2021,12,12-19,Sunday,0.0,0.0,27.24075,0.0,52.416,56.918091999999994,0.3695,6.378,27.24075,116.081592,143.322342,0.0,0.0,0.19006631917862465,0.0,0.36572106810813904,0.3971334211102969,0.002578104675403644,0.044501086927535696,0.19006631917862465,0.8099336808213754
Gwh,2021-12-20,2021,12,12-20,Monday,0.0,0.0,50.263,0.0,66.3555,52.186408,0.381,6.475,50.263,125.397908,175.660908,0.0,0.0,0.2861365147901888,0.0,0.3777476773602924,0.2970860653868418,0.002168951557508743,0.036860790905168264,0.2861365147901888,0.7138634852098111
Gwh,2021-12-21,2021,12,12-21,Tuesday,0.0,0.0,59.6275,0.0,82.22975,8.728,0.36,6.563,59.6275,97.88075,157.50825,0.0,0.0,0.37856747186258494,0.0,0.522066304463417,0.055412970431707544,0.0022855945640942615,0.04166765867819622,0.37856747186258494,0.621432528137415
Gwh,2021-12-22,2021,12,12-22,Wednesday,0.0,0.0,62.72175,0.0,65.54175,3.342,0.372,6.515,62.72175,75.77075,138.4925,0.0,0.0,0.45288914562160404,0.0,0.47325125909345267,0.024131270646424896,0.002686066032456631,0.0470422586060617,0.45288914562160404,0.547110854378396
Gwh,2021-12-23,2021,12,12-23,Thursday,0.0,0.0,57.6245,0.0,53.074751000000006,21.104,0.397,6.511,57.6245,81.086751,138.71125099999998,0.0,0.0,0.41542772907440656,0.0,0.3826275851264582,0.1521433903007623,0.0028620605548428085,0.04693923494353029,0.41542772907440656,0.5845722709255936
Gwh,2021-12-24,2021,12,12-24,Friday,0.0,0.0,29.9975,0.0,47.09375,28.859,0.379,6.376,29.9975,82.70775,112.70525,0.0,0.0,0.2661588524048347,0.0,0.4178487692454433,0.2560572821585507,0.0033627537315253724,0.05657234245964585,0.2661588524048347,0.7338411475951653
Gwh,2021-12-25,2021,12,12-25,Saturday,0.0,0.0,30.64475,0.0,54.18825,15.599,0.389,6.384,30.64475,76.56025,107.205,0.0,0.0,0.28585187258056993,0.0,0.5054638309780327,0.14550627302831026,0.003628562100648291,0.05954946131243879,0.28585187258056993,0.71414812741943
Gwh,2021-12-26,2021,12,12-26,Sunday,0.0,0.0,35.8565,0.0,59.5345,2.835,0.371,6.384,35.8565,69.1245,104.981,0.0,0.0,0.34155228088892275,0.0,0.5670978558024786,0.027004886598527355,0.003533972814128271,0.06081100389594308,0.34155228088892275,0.6584477191110772
Gwh,2021-12-27,2021,12,12-27,Monday,0.0,0.0,36.26075,0.0,65.578875,8.699,0.377,6.382,36.26075,81.036875,117.297625,0.0,0.0,0.3091345626136932,0.0,0.5590810129361101,0.07416177437522713,0.003214046320204693,0.054408603754764855,0.3091345626136932,0.6908654373863068
Gwh,2021-12-28,2021,12,12-28,Tuesday,0.0,0.0,28.67225,0.0,72.69425,12.681,0.37,6.194,28.67225,91.93925,120.6115,0.0,0.0,0.23772401470838184,0.0,0.6027140861360649,0.10513922801722886,0.0030677008411304062,0.05135497029719388,0.23772401470838184,0.7622759852916181
Gwh,2021-12-29,2021,12,12-29,Wednesday,0.0,0.0,28.54025,0.0,89.372249,3.589,0.366,6.192,28.54025,99.519249,128.059499,0.0,0.0,0.22286710648461933,0.0,0.6978962880371725,0.028026034991750205,0.0028580464772863124,0.04835252400917171,0.22286710648461933,0.7771328935153807
Gwh,2021-12-30,2021,12,12-30,Thursday,0.0,0.0,11.18025,0.0,103.89225,5.708,0.366,6.301,11.18025,116.26725,127.4475,0.0,0.0,0.08772435708821279,0.0,0.8151768375213323,0.04478706918535083,0.0028717707291237566,0.049439965475980306,0.08772435708821279,0.9122756429117872
Gwh,2021-12-31,2021,12,12-31,Friday,0.0,0.0,2.53225,0.0,101.3205,26.904,0.35050099999999995,6.288,2.53225,134.863001,137.395251,0.0,0.0,0.018430404119280656,0.0,0.7374381520653869,0.19581462826542673,0.0025510415931333753,0.04576577395677235,0.018430404119280656,0.9815695958807193
