unit,date,year,month,month_date,weekday,coal,gas,oil,nuclear,hydro,wind,solar,other,fossil,low.carbon,total.prod,coal.perc,gas.perc,oil.perc,nuclear.perc,hydro.perc,wind.perc,solar.perc,other.perc,fossil.perc,low.carbon.perc
Gwh,2022-01-01,2022,1,01-01,Saturday,741.3567018203807,941.2598945487006,76.01630363091897,219.277,99.10659999999999,49.4818,165.0967,46.949,1758.6329000000005,579.9110999999999,2338.5440000000003,0.3170163579647767,0.40249826154594504,0.03250582568936867,0.09376646323524379,0.04237961740296525,0.021159234121744124,0.07059807298900511,0.020076167050951357,0.7520204452000905,0.24797955479990963
Gwh,2022-01-02,2022,1,01-02,Sunday,733.6953582650806,931.5327073400923,75.2307343948273,219.278,83.33659999999999,31.4095,168.23430000000002,46.703,1740.4588000000003,548.9614,2289.4202000000005,0.32047212576576395,0.4068858601579964,0.032860168873685695,0.09577883518281176,0.03640074460773954,0.01371941245211342,0.07348336491483738,0.020399488045051754,0.760218154797446,0.23978184520255386
Gwh,2022-01-03,2022,1,01-03,Monday,713.2134123537555,905.5279053314136,73.1305823148309,219.251,83.7636,48.607,185.28209999999999,45.9606,1691.8719,582.8643,2274.7362000000003,0.3135367575166542,0.39808040393053645,0.03214903878297224,0.09638524238546868,0.03682343473498157,0.021368192056731676,0.08145212618500552,0.020204804407649553,0.7437662002301629,0.256233799769837
Gwh,2022-01-04,2022,1,01-04,Tuesday,801.8517271130805,1018.0671062295409,82.21926665737877,218.775,135.7506,53.4501,154.6986,46.742599999999996,1902.1381000000001,609.4169,2511.5550000000003,0.3192650477943268,0.40535329954133625,0.03273639902665033,0.08710738964506053,0.05405041896355046,0.0212816760930977,0.06159474906979938,0.01861101986617852,0.7573547463623134,0.2426452536376866
Gwh,2022-01-05,2022,1,01-05,Wednesday,944.3641160305843,1199.0072607260108,96.83202324340517,218.605,144.5976,32.2533,152.43540000000002,46.9666,2240.2034000000003,594.8579,2835.0613000000003,0.33310183311753583,0.42292110605368943,0.03415517796507792,0.07710768017608648,0.05100334162086724,0.01137657940588445,0.05376793792783246,0.016566343733026158,0.7901781171363033,0.20982188286369677
Gwh,2022-01-06,2022,1,01-06,Thursday,1051.4100416182005,1334.9175942848212,107.8081640969784,218.705,224.1716,14.2488,99.2479,46.6576,2494.1358,603.0309000000001,3097.1667,0.33947479856935064,0.43101251033236965,0.03480864110316645,0.07061453941113341,0.07237957194877499,0.004600591889354873,0.03204473947107852,0.015064607274771488,0.8052959500048866,0.1947040499951133
Gwh,2022-01-07,2022,1,01-07,Friday,1054.2872240940114,1338.570594881065,108.10318102492383,218.90800000000002,118.3246,38.5409,170.3449,45.265,2500.9610000000002,591.3834,3092.3444000000004,0.34093460744346954,0.43286594949807816,0.034958325154508606,0.07079030395191428,0.03826371991425017,0.012463327176623663,0.055086005297469445,0.014637761563686113,0.8087588820960563,0.19124111790394369
Gwh,2022-01-08,2022,1,01-08,Saturday,921.7200255786695,1170.2573025229153,94.51017189841549,219.458,70.3896,25.4116,196.014,46.2602,2186.4875000000006,557.5334,2744.0209000000004,0.3359012409776723,0.4264753604912102,0.03444222013703156,0.07997679609510261,0.02565199120750137,0.00926071663666993,0.07143312939052322,0.016858545064288685,0.7968188216059142,0.20318117839408584
Gwh,2022-01-09,2022,1,01-09,Sunday,834.2588128276675,1059.2126034071375,85.54218376519513,220.016,35.182599999999994,29.1764,178.0239,45.7622,1979.0136000000002,508.16110000000003,2487.1747000000005,0.33542429199994167,0.4258698045646481,0.03439331534097509,0.0884602115002215,0.014145608669949877,0.011730740104424509,0.07157675735443914,0.018399270465399954,0.7956874119055649,0.204312588094435
Gwh,2022-01-10,2022,1,01-10,Monday,856.0054172731648,1086.823072911088,87.77200981574715,219.989,96.3416,10.242899999999999,178.4782,46.1848,2030.6005,551.2365,2581.837,0.33154897744248174,0.4209495304742662,0.03399595319756714,0.0852063859957077,0.03731513647066023,0.003967291506009093,0.06912837642345353,0.01788834848985432,0.7864944611143151,0.21350553888568488
Gwh,2022-01-11,2022,1,01-11,Tuesday,1034.8413286091647,1313.881209206763,106.10926218407228,220.01399999999998,188.4886,44.0021,48.5748,47.0486,2454.8318,548.1280999999999,3002.9599,0.34460710867606487,0.4375287226468669,0.03533489147959395,0.07326571360476708,0.06276760472226087,0.014652909617607615,0.01617564057382185,0.015667408679016993,0.8174707228025256,0.1825292771974744
Gwh,2022-01-12,2022,1,01-12,Wednesday,1034.3755548710292,1313.2898418682544,106.06150326071665,220.045,132.5336,60.0112,172.03900000000002,47.1632,2453.7269,631.7919999999999,3085.5189,0.3352355271170205,0.4256301401583553,0.034373960004171956,0.07131539528083915,0.04295342349061612,0.019449305593299073,0.05575691012620276,0.015285338229495208,0.7952396272795478,0.20476037272045228
Gwh,2022-01-13,2022,1,01-13,Thursday,1065.9768001676414,1353.4122077178638,109.30179211449496,220.025,144.7776,63.9025,142.0436,47.0092,2528.6908000000003,617.7579,3146.4487000000004,0.33878728109174044,0.43013960714435406,0.03473814529837876,0.06992804300289401,0.04601301778732321,0.02030940469488665,0.04514410166611011,0.014940399314312671,0.8036650335344734,0.19633496646552664
Gwh,2022-01-14,2022,1,01-14,Friday,1061.9132415209235,1348.2529304443053,108.8851280347713,220.022,148.5026,63.9343,174.5454,47.2292,2519.0513,654.2334999999999,3173.2848,0.3346416437380356,0.4248761190436816,0.03431306513514681,0.06933572429427072,0.04679775354547439,0.020147671586237707,0.05500464376850134,0.01488337888865191,0.793830827916864,0.20616917208313604
Gwh,2022-01-15,2022,1,01-15,Saturday,944.9889416570344,1199.8005675131749,96.89609082979102,219.962,98.3376,38.5655,157.8329,47.2032,2241.6856000000002,561.9012,2803.5868,0.3370642712603135,0.4279519961761751,0.034561473477400816,0.07845735327331402,0.03507563953432795,0.013755771713577765,0.05629677668620782,0.01683671787868312,0.7995777409138893,0.2004222590861107
Gwh,2022-01-16,2022,1,01-16,Sunday,866.7763453875722,1100.4983288793212,88.87642573310669,220.017,57.2326,23.7099,167.8685,46.8612,2056.1511,515.6892,2571.8403,0.33702572643704676,0.42790305793066596,0.03455752121665824,0.085548468930983,0.02225355905652462,0.009219040544624798,0.06527174335047166,0.018220882533025087,0.799486305584371,0.20051369441562916
Gwh,2022-01-17,2022,1,01-17,Monday,987.9971118448894,1254.4056795143895,101.3060086407213,220.045,132.0486,50.8421,160.6854,47.1012,2343.7088000000003,610.7222999999999,2954.4311000000002,0.3344119657570926,0.42458450952347115,0.03428951470241472,0.07447965193705143,0.04469510221443309,0.017208761443108286,0.054387932756326585,0.015942561666102147,0.7932859899829785,0.2067140100170215
Gwh,2022-01-18,2022,1,01-18,Tuesday,1044.875508816848,1326.6210568145004,107.13813436865179,219.94899999999998,161.4176,44.021,172.6061,47.6401,2478.6347,645.6338,3124.2685,0.33443844817333973,0.42461813279316435,0.03429223012319581,0.07040015926928174,0.05166572591312174,0.014090018191458257,0.055246884190651345,0.01524840134578702,0.7933488110896999,0.2066511889103001
Gwh,2022-01-19,2022,1,01-19,Wednesday,1069.5204576909612,1357.9113950841158,109.6651472249232,219.835,122.8106,16.3784,191.5908,49.4812,2537.097,600.096,3137.193,0.3409163725951706,0.43284279771251427,0.034956455412505125,0.0700737888934471,0.03914665116236074,0.00522071801129226,0.06107077250267994,0.015772443710029952,0.80871562572019,0.19128437427981
Gwh,2022-01-20,2022,1,01-20,Thursday,1076.3674033055388,1366.6045859480187,110.36721074644274,217.346,140.7926,29.7647,173.75979999999998,49.620200000000004,2553.3392000000003,611.2832999999999,3164.6225000000004,0.34012505545465177,0.4318381057924029,0.034875316328074744,0.06867991363898852,0.044489540221622,0.009405450413121944,0.05490695967686508,0.015679658474273,0.8068384775751294,0.19316152242487053
Gwh,2022-01-21,2022,1,01-21,Friday,1084.3555346260691,1376.7466776374051,111.18628773652598,192.719,142.2296,35.0785,185.9658,49.232200000000006,2572.2885,605.2251,3177.5136,0.34125913249468676,0.4332779811351256,0.034991600897168774,0.060650881242490975,0.0447612875677385,0.011039606565334604,0.05852557169228166,0.015493938405173152,0.809528714526981,0.1904712854730189
Gwh,2022-01-22,2022,1,01-22,Saturday,954.0143880625772,1211.2596812044333,97.82153073298967,192.587,55.288599999999995,24.5764,195.60999999999999,47.9812,2263.0956,516.0432000000001,2779.1388,0.34327698496475856,0.43583993761104456,0.03519850492281626,0.06929736650792684,0.019894148503845865,0.008843171129128203,0.07038511354668575,0.01726477281379397,0.8143154274986193,0.18568457250138065
Gwh,2022-01-23,2022,1,01-23,Sunday,941.607624134218,1195.5074943310658,96.54938153471645,192.577,102.3666,13.1235,76.8637,48.0752,2233.6645,433.006,2666.6704999999997,0.35310235146570157,0.44831466592181746,0.0362059660294425,0.07221627118911017,0.038387419818084016,0.004921305425623451,0.028823846065721283,0.018028174084499755,0.8376229834169614,0.16237701658303866
Gwh,2022-01-24,2022,1,01-24,Monday,998.6020746043289,1267.870218384993,102.39340701067825,192.44899999999998,114.2736,33.2419,163.5466,47.376200000000004,2368.8657000000003,550.8873,2919.753,0.34201594265142593,0.4342388614327969,0.035069201747777376,0.06591276727860199,0.03913810517533504,0.011385175389836058,0.05601384774671008,0.01622609857751666,0.8113240058320003,0.18867599416799982
Gwh,2022-01-25,2022,1,01-25,Tuesday,1037.7222629052937,1317.5389732832427,106.40466381146368,192.615,127.3596,9.348899999999999,167.011,47.1982,2461.6659000000004,543.5327000000001,3005.1986000000006,0.3453090464321704,0.4384199344706345,0.0354068658928111,0.06409393375865408,0.04237976152391392,0.003110909209128474,0.05557403094757197,0.01570551776511542,0.819135846795616,0.1808641532043839
Gwh,2022-01-26,2022,1,01-26,Wednesday,1001.1586239864426,1271.1161287489354,102.65554726462213,192.416,113.35459999999999,16.8361,183.5356,46.8832,2374.9303000000004,553.0255,2927.9558000000006,0.34193092122034163,0.4341309143904888,0.035060483926916554,0.06571683903151815,0.03871458715326234,0.005750120954694737,0.06268386974967312,0.016012263573104483,0.811122319537747,0.18887768046225284
Gwh,2022-01-27,2022,1,01-27,Thursday,979.498184942407,1243.6150587236625,100.43455633393063,192.58599999999998,132.4726,35.9727,183.4089,47.1922,2323.5478000000003,591.6324,2915.1802000000002,0.33599918967012976,0.4265997205674155,0.034452263477204814,0.06606315451785792,0.04544233663497028,0.012339786061938812,0.06291511584772701,0.016188433222755833,0.7970511737147502,0.20294882628524985
Gwh,2022-01-28,2022,1,01-28,Friday,966.8591453966047,1227.5679642536634,99.13859034973201,192.57,133.42159999999998,32.1957,208.9772,47.3632,2293.5657,614.5277,2908.0934,0.3324718337439247,0.42212123044385824,0.03409057987949493,0.06621864345897556,0.04587940676183233,0.011071068075048759,0.07186055303450707,0.016286684602358367,0.7886836440672779,0.21131635593272208
Gwh,2022-01-29,2022,1,01-29,Saturday,885.1106481761659,1123.7763863475288,90.75636547630552,192.493,99.4736,43.1766,165.1173,48.684200000000004,2099.6434,548.9447,2648.5881,0.334182067863314,0.42429262079200947,0.03426594172053613,0.07267758999596804,0.03755721774933596,0.016301742048905228,0.062341630244430984,0.018381189585500293,0.7927406303758595,0.20725936962414052
Gwh,2022-01-30,2022,1,01-30,Sunday,859.4468903869233,1091.1925223437224,88.1248872693545,192.47,81.8596,48.3011,149.118,50.0332,2038.7643000000003,521.7819000000001,2560.5462,0.33564982751997335,0.42615615462971235,0.03441644101924601,0.07516755604722149,0.03196958523927434,0.018863592463201795,0.058236793384161545,0.019540049697209134,0.7962224231689318,0.2037775768310683
Gwh,2022-01-31,2022,1,01-31,Monday,972.5491813841217,1234.7922904928912,99.72202812298725,192.52,119.9546,45.6761,230.2097,50.4444,2307.0635,638.8048,2945.8683,0.3301400749599436,0.4191607243585503,0.03385148892195461,0.06535254817739136,0.04071960718678428,0.015505139859782597,0.07814663676580517,0.01712377976978808,0.7831522882404486,0.2168477117595515
Gwh,2022-02-01,2022,2,02-01,Tuesday,1014.3812583794826,1287.904185771788,104.0113558487298,192.474,123.588,36.3259,192.3013,50.6664,2406.2968,595.3556,3001.6524,0.3379409482521969,0.42906506621878937,0.03465136597719636,0.06412268122718007,0.041173321734388695,0.012101967569595999,0.0640651462507784,0.016879502769874353,0.8016573804481825,0.19834261955181753
Gwh,2022-02-02,2022,2,02-02,Wednesday,1005.4010867752338,1276.5025549722034,103.0905582525633,192.311,121.387,42.9289,202.696,51.0484,2384.9942000000005,610.3713,2995.365500000001,0.3356522223332123,0.42615919658959917,0.03441668746353768,0.06420284936846604,0.04052493760778108,0.014331773534815698,0.06766987200727255,0.01704246109531541,0.7962281063863491,0.20377189361365078
Gwh,2022-02-03,2022,2,02-03,Thursday,1020.4655727252095,1295.629105616947,104.63522165784376,192.519,113.093,45.1771,182.3275,50.7694,2420.7299000000007,583.8860000000001,3004.6159000000007,0.3396326208368961,0.4312128900126458,0.03482482458334982,0.0640744129723869,0.037639752888214424,0.015035898598552977,0.060682465269520786,0.016897134838433088,0.8056703354328918,0.1943296645671082
Gwh,2022-02-04,2022,2,02-04,Friday,1001.8526235596673,1271.997266067629,102.72671037270398,192.55,132.344,45.9741,206.8488,50.6022,2376.5766000000003,628.3191,3004.8957000000005,0.3334067879825803,0.4233082918876781,0.034186447926530014,0.0640787631996678,0.04404279323239072,0.015299732366750697,0.06883726446811447,0.01683991893628787,0.7909015277967884,0.20909847220321157
Gwh,2022-02-05,2022,2,02-05,Saturday,940.2712989181197,1193.810839498665,96.41236158321561,192.548,114.608,56.7768,190.2385,50.744,2230.4945000000002,604.9153,2835.4098000000004,0.331617425783786,0.4210364369547798,0.03400297254499706,0.06790834961493043,0.04042025953356019,0.02002419544434106,0.06709382890614259,0.017896531217462815,0.7866568352835629,0.21334316471643708
Gwh,2022-02-06,2022,2,02-06,Sunday,907.2460482068027,1151.8804920322532,93.0260597609443,192.541,86.087,57.814,201.5942,50.1998,2152.1526000000003,588.236,2740.3886,0.33106474322904517,0.42033472626190793,0.03394630227294928,0.07026047327740306,0.03141415783148419,0.021097007920701464,0.07356409233347416,0.01831849687303472,0.7853457717639024,0.2146542282360976
Gwh,2022-02-07,2022,2,02-07,Monday,1026.9657911063478,1303.882075979267,105.30173291438561,192.59699999999998,133.107,36.845,211.9758,49.8176,2436.1496,624.3423999999999,3060.492,0.3355557835492946,0.4260367535609526,0.03440679894421734,0.06293007790904206,0.04349202677216604,0.012038914004676372,0.06926200101160206,0.016277644248049006,0.7959993360544645,0.2040006639455355
Gwh,2022-02-08,2022,2,02-08,Tuesday,1048.6529565385026,1331.4170791221864,107.52546433931131,192.584,128.334,26.2552,153.726,49.683,2487.5955000000004,550.5822000000001,3038.1777,0.34515853254353834,0.43822883668792195,0.03539143360156692,0.06338799735117534,0.04224045222897923,0.00864175917030791,0.0505980937191396,0.01635289469737073,0.8187788028330273,0.18122119716697282
Gwh,2022-02-09,2022,2,02-09,Wednesday,976.7280319309277,1240.0979516262778,100.1505164427948,192.459,110.461,22.0651,247.39700000000002,50.112,2316.9765,622.4941,2939.4706,0.33228025207359707,0.42187799110026064,0.03407093659749303,0.06547403467821723,0.03757853540021798,0.007506487732859108,0.08416379466425009,0.01704796775310493,0.7882291797713508,0.21177082022864932
Gwh,2022-02-10,2022,2,02-10,Thursday,1067.9100384489348,1355.8667386494303,109.5000229016352,192.619,204.695,12.3464,91.8857,50.3066,2533.2768,551.8526999999999,3085.1295,0.3461475566743421,0.4394845463211286,0.03549284492000586,0.06243465630859256,0.06634891663380743,0.004001906565024255,0.029783417519426657,0.01630615505767262,0.8211249479154765,0.17887505208452348
Gwh,2022-02-11,2022,2,02-11,Friday,947.1336311918367,1202.523565987319,97.11600282084463,192.623,45.565999999999995,12.309,209.4933,50.2285,2246.7732,510.2198,2756.993,0.3435386419885131,0.43617215059571024,0.03522533529132814,0.0698670616864098,0.016527426801591444,0.00446464680904159,0.07598615593148042,0.018218580895925377,0.8149361278755515,0.18506387212444864
Gwh,2022-02-12,2022,2,02-12,Saturday,863.9121442601859,1096.8618135840343,88.58274215578004,192.621,54.576,10.890699999999999,234.3312,50.3382,2049.3567000000003,542.7571,2592.1138,0.33328480572889424,0.4231534177180162,0.03417394026287736,0.07431039485997876,0.021054631166270554,0.004201474487732753,0.09040158653528252,0.01941974924094768,0.7906121637097878,0.20938783629021226
Gwh,2022-02-13,2022,2,02-13,Sunday,895.4247369031203,1136.8716221585669,91.81394093831327,192.607,105.631,27.4078,86.49,50.4618,2124.1103000000007,462.5976,2586.707900000001,0.3461638389487735,0.4395052190309414,0.035494514451482224,0.07446028212153369,0.04083607584760535,0.010595630067082562,0.0334363226709904,0.019508116861590742,0.8211635724311972,0.17883642756880275
Gwh,2022-02-14,2022,2,02-14,Monday,979.3055324820275,1243.3704625497285,100.41480496824431,192.601,114.474,16.4437,179.6906,49.678799999999995,2323.0908000000004,552.8881,2875.9789000000005,0.3405120713792536,0.43232948007710637,0.034915000582321484,0.06696885015394236,0.039803490908782393,0.00571760105750428,0.06247980470232238,0.017273701138767042,0.8077565520386815,0.19224344796131845
Gwh,2022-02-15,2022,2,02-15,Tuesday,1001.4396703941607,1271.4729621079587,102.68436749788097,192.478,117.307,36.1902,168.2665,49.5262,2375.597,563.7679,2939.3649000000005,0.3406993362389816,0.4325672399871001,0.03493420211212325,0.06548285311565093,0.039908961286160824,0.012312251534336547,0.057245869677493934,0.016849286048152782,0.8082007783382049,0.19179922166179503
Gwh,2022-02-16,2022,2,02-16,Wednesday,994.1455836981163,1262.2120607361949,101.93645556568914,192.352,124.82300000000001,46.7067,216.7046,49.4102,2358.2941000000005,629.9965000000001,2988.2906000000007,0.3326803570235492,0.4223859823861155,0.03411196205807063,0.064368572454098,0.041770703291038686,0.015629905605565934,0.07251791375310017,0.01653460342846174,0.7891783014677354,0.21082169853226454
Gwh,2022-02-17,2022,2,02-17,Thursday,1044.3747010402442,1325.985213027962,107.08678593179417,192.561,150.42,32.5939,231.4766,50.5548,2477.4467000000004,657.6063,3135.0530000000003,0.3331282440967486,0.4229546400102205,0.03415788694219656,0.06142192811413395,0.04798005009803661,0.010396602545475305,0.07383498779765445,0.01612566039553398,0.7902407710491657,0.20975922895083432
Gwh,2022-02-18,2022,2,02-18,Friday,1013.3154041699408,1286.55092920622,103.90206662383953,192.605,121.32600000000001,22.2754,245.98270000000002,50.9012,2403.7684,633.0903000000001,3036.8586999999998,0.3336722265576403,0.42364530467163986,0.03421366513491047,0.06342244372449729,0.03995115083885859,0.0073350136441975395,0.08099905998260638,0.016761135445649812,0.7915311963641904,0.20846880363580964
Gwh,2022-02-19,2022,2,02-19,Saturday,972.0376242175653,1234.1427984951306,99.66957728730455,192.611,88.992,17.1993,105.99680000000001,48.4656,2305.8500000000004,453.2647,2759.1147000000005,0.3523005492368857,0.44729666312717276,0.0361237527701565,0.06980898619401359,0.03225382402551079,0.006233629939342499,0.03841696033876373,0.017565634368154392,0.8357209651342149,0.164279034865785
Gwh,2022-02-20,2022,2,02-20,Sunday,856.6640489793689,1087.6593049868725,87.8395460337589,192.518,61.346000000000004,58.5471,173.8555,47.3976,2032.1629000000003,533.6642,2565.8271000000004,0.33387442551346064,0.4239020255834356,0.034234397958365505,0.07503155610134446,0.023908859642179318,0.02281802230555597,0.0677580730205866,0.018472639875071858,0.7920108490552618,0.20798915094473824
Gwh,2022-02-21,2022,2,02-21,Monday,1035.8236280754086,1315.1283852097456,106.20998671484608,175.534,123.19500000000001,63.4635,228.4805,46.0418,2457.1620000000003,636.7148,3093.8768,0.3347979557800778,0.4250745812534441,0.03432909374893211,0.056735937255161545,0.039818974045766786,0.02051261381836536,0.07384925605311757,0.01488158804513483,0.794201630782454,0.20579836921754607
Gwh,2022-02-22,2022,2,02-22,Tuesday,1054.5043207829035,1338.8462350145955,108.12544420250121,170.205,118.355,62.7124,230.1453,47.458800000000004,2501.476,628.8765,3130.3525,0.33686440130397566,0.42769823367004056,0.034540980353650656,0.05437247083195903,0.0378088410171059,0.020033654356817643,0.07352056996775921,0.015160848498691443,0.7991036153276668,0.20089638467233323
Gwh,2022-02-23,2022,2,02-23,Wednesday,1001.8832704513908,1272.0361767432803,102.72985280532916,170.434,77.56099999999999,53.0939,212.0051,48.1858,2376.6493000000005,561.2798,2937.9291000000003,0.3410168306823302,0.43297034524872646,0.03496675695997196,0.05801161096773914,0.0263998882750438,0.018071879270333647,0.0721614078433683,0.016401280752486504,0.8089539328910287,0.1910460671089714
Gwh,2022-02-24,2022,2,02-24,Thursday,1014.9289398337764,1288.5995468420244,104.06751332419944,170.423,116.411,53.1121,275.52500000000003,47.800399999999996,2407.5960000000005,663.2715,3070.8675000000003,0.3305023547364959,0.41962069247273753,0.03388863678559867,0.05549669596620498,0.03790818066881752,0.017295471068028822,0.08972220390492264,0.01556576439719395,0.7840116839948321,0.21598831600516788
Gwh,2022-02-25,2022,2,02-25,Friday,948.8958063882955,1204.760903076145,97.29669053555997,170.499,128.436,54.1044,293.4323,48.6223,2250.953400000001,695.094,2946.047400000001,0.32209115385865655,0.408941452563236,0.03302617959763986,0.05787381425023913,0.043596039900783666,0.018365081295026002,0.09960202948533683,0.016504249049081827,0.7640587860195325,0.23594121398046747
Gwh,2022-02-26,2022,2,02-26,Saturday,790.1095811323137,1003.1587515569216,81.01526731076497,170.505,73.482,43.5155,309.2078,48.4104,1874.2836000000002,645.1206999999999,2519.4043,0.31360968191263056,0.3981729933369256,0.0321565170428442,0.06767671230854055,0.02916641842676858,0.01727213849718364,0.12273052006777951,0.019215018407327478,0.7439391922924002,0.25606080770759976
Gwh,2022-02-27,2022,2,02-27,Sunday,739.4931831928491,938.8938903556517,75.82522645149956,170.489,20.360999999999997,48.214,279.8958,47.663399999999996,1754.2123000000001,566.6232,2320.8355,0.31863231288596244,0.40454995209942785,0.0326715212911469,0.07346018276607713,0.00877313364088062,0.020774415075950018,0.12060130931296079,0.020537172927594393,0.7558537862765371,0.24414621372346293
Gwh,2022-02-28,2022,2,02-28,Monday,838.8455161474295,1065.0360922362465,86.01249161632427,170.50300000000001,94.098,40.4003,302.615,48.389,1989.8941000000002,656.0053,2645.8994000000002,0.31703605819156594,0.4025232751616507,0.032507846525202076,0.0644404696565561,0.03556371039654795,0.015269023455691474,0.11437131736754616,0.01828829924523963,0.7520671798784186,0.24793282012158133
Gwh,2022-03-01,2022,3,03-01,Tuesday,940.9954460683348,1194.7302437447843,96.4866101868807,155.50300000000001,145.8226,27.5688,128.4883,48.0298,2232.2122999999997,505.4125,2737.6247999999996,0.34372695851832397,0.43641124369737755,0.035244643527075264,0.056802159302472725,0.053266101329882756,0.01007033542361247,0.0469342256104635,0.017544332590791845,0.8153828457427768,0.1846171542572233
Gwh,2022-03-02,2022,3,03-02,Wednesday,864.30823868803,1097.3647077601129,88.62335355185697,148.843,94.6946,34.5069,240.3528,47.8718,2050.2962999999995,566.2691,2616.5653999999995,0.330321664686092,0.4193912782612325,0.03387010833050723,0.05688487664019406,0.03619041970057389,0.01318786069708023,0.091858128216478,0.018295663467842237,0.7835830512778316,0.2164169487221684
Gwh,2022-03-03,2022,3,03-03,Thursday,856.4031954250023,1087.3281084291484,87.81279614584929,149.101,116.2926,41.6697,270.62100000000004,47.2106,2031.5440999999998,624.8949,2656.439,0.32238767591689566,0.4093179284106085,0.03305658294651197,0.05612814749369363,0.04377762862237755,0.015686300344182568,0.10187359845266541,0.017772137813064783,0.764762187274016,0.23523781272598393
Gwh,2022-03-04,2022,3,03-04,Friday,892.3401539221306,1132.9552911791936,91.49765489867553,149.116,121.4336,21.3437,241.4728,47.7718,2116.7931,581.1379,2697.9309999999996,0.33074980565556744,0.41993486533910385,0.03391400851195807,0.05527050172891747,0.045009898325791144,0.007911136348557469,0.0895029561541789,0.017706827935925717,0.7845986795066294,0.21540132049337068
Gwh,2022-03-05,2022,3,03-05,Saturday,737.0373035160476,935.7757903695318,75.57340611442052,149.082,74.9686,47.9609,284.749,47.3448,1748.3864999999998,604.1052999999999,2352.4918,0.3133006897265477,0.39778068105042147,0.03212483295985156,0.06337195309246137,0.03186774126056465,0.02038727616393817,0.12104144209981946,0.020125383646395708,0.7432062037368207,0.25679379626317933
Gwh,2022-03-06,2022,3,03-06,Sunday,733.4358510939837,931.2032240005601,75.20412490545596,149.044,51.425599999999996,64.3313,267.6574,48.2108,1739.8431999999998,580.6691,2320.5123,0.31606634926864374,0.4012920870966985,0.032408414687332604,0.0642289204844982,0.022161313258283525,0.027722886881487333,0.1153440988009415,0.02077592952211458,0.7497668510526748,0.2502331489473251
Gwh,2022-03-07,2022,3,03-07,Monday,896.0049657368221,1137.6083014896465,91.87343277353119,149.061,119.0596,35.7198,252.6783,49.4814,2125.4866999999995,606.0001000000001,2731.4867999999997,0.3280282978987203,0.4164795163899919,0.033634953964826485,0.054571378488814236,0.043587836485243135,0.01307705385945852,0.09250577377858829,0.018115189134357158,0.7781427682535386,0.22185723174646135
Gwh,2022-03-08,2022,3,03-08,Tuesday,917.7285534195113,1165.189547834239,94.10089874624956,149.052,105.1866,19.4269,275.452,50.7938,2177.019,599.9113000000001,2776.9303,0.33048310698309974,0.41959625268024875,0.03388666209816269,0.05367509584234073,0.03787873249825536,0.006995818368217596,0.09919298298556503,0.01829134854411002,0.7839660217615112,0.21603397823848877
Gwh,2022-03-09,2022,3,03-09,Wednesday,873.4820295491388,1109.012166243945,89.56400420691602,149.075,110.3826,8.4614,294.0632,51.5936,2072.0582,613.5758,2685.634,0.32524239324834986,0.41294240624148526,0.03334929636983894,0.05550830828027944,0.0411011329168457,0.0031506154598876838,0.10949489021959061,0.019210957263722458,0.771534095859674,0.2284659041403259
Gwh,2022-03-10,2022,3,03-10,Thursday,836.3956650643944,1061.925645830276,85.76128910532961,149.066,111.4036,7.8286,322.2538,51.5224,1984.0825999999997,642.0744,2626.1569999999997,0.3184865432890701,0.40436487454111697,0.03265657350467989,0.05676202907899262,0.04242076920762925,0.0029810098939248493,0.12270926681078094,0.01961893367380549,0.7555079913348669,0.24449200866513313
Gwh,2022-03-11,2022,3,03-11,Friday,795.2680842295144,1009.7082149375005,81.54420083298496,128.167,117.56259999999999,24.242,296.4518,51.3838,1886.5204999999999,617.8072,2504.3277,0.3175575162266162,0.40318533989681166,0.03256131409359285,0.051178206430412446,0.04694377656725995,0.009680043071040584,0.11837580201664503,0.020518001697621285,0.7533041702170207,0.2466958297829793
Gwh,2022-03-12,2022,3,03-12,Saturday,646.4144864909802,820.7169760834792,66.28123742554068,120.691,72.9846,29.5371,314.1249,51.7108,1533.4127,589.0484,2122.4611,0.30455893231257813,0.3866817517095975,0.03122848160823333,0.05686370412159733,0.034386778631655485,0.013916438798336516,0.14800030964053948,0.02436360317746224,0.722469165630409,0.27753083436959103
Gwh,2022-03-13,2022,3,03-13,Sunday,623.5509356044066,791.6883810592226,63.9368833363706,120.65899999999999,92.7926,23.1418,210.75039999999998,51.6458,1479.1761999999999,498.9896,1978.1657999999998,0.31521672025894226,0.40021335979988265,0.0323212964941415,0.06099539280276709,0.04690840373440892,0.011698614949262597,0.10653828915655099,0.02610792280404403,0.7477513765529664,0.25224862344703364
Gwh,2022-03-14,2022,3,03-14,Monday,678.5530430767855,861.5215365133884,69.57662040982605,120.67,156.9976,20.082,273.0721,50.9994,1609.6512,621.8211,2231.4723,0.3040831127846783,0.38607762978433047,0.031179692622590946,0.05407640507121689,0.07035606043597316,0.008999439518025835,0.1223730628428594,0.022854596940325007,0.7213404351915997,0.27865956480840026
Gwh,2022-03-15,2022,3,03-15,Tuesday,679.7319999188472,863.0183932741369,69.6975068070158,120.69800000000001,186.0726,44.6372,284.4449,51.2138,1612.4479,687.0665,2299.5144,0.2955980618859561,0.3753046266090514,0.03030966312149026,0.05248847321851953,0.08091821473264094,0.019411576635484432,0.12369781202500842,0.022271571771848873,0.7012123516164978,0.2987876483835022
Gwh,2022-03-16,2022,3,03-16,Wednesday,685.3115469115444,870.1024376937169,70.26961539473861,120.482,181.53459999999998,13.7808,323.79900000000004,51.2198,1625.6835999999998,690.8162,2316.4997999999996,0.2958392428574976,0.3756108408443277,0.030334393033290406,0.052010364948013386,0.07836590359299837,0.005948975260002182,0.13977942065870244,0.02211085880516804,0.7017844767351157,0.29821552326488443
Gwh,2022-03-17,2022,3,03-17,Thursday,718.5686939719844,912.3272110226308,73.6796950053847,120.704,159.5926,25.4576,257.60450000000003,49.6124,1704.5756,612.9711,2317.5467,0.31005575593017587,0.39366076680251183,0.03179210801033037,0.05208266137635975,0.0688627331652044,0.010984719315472694,0.11115396293848147,0.02140729246146367,0.735508630743018,0.26449136925698197
Gwh,2022-03-18,2022,3,03-18,Friday,861.4551690319805,1093.7423218922165,88.33080907580296,120.513,283.10360000000003,29.6977,55.4928,52.421800000000005,2043.5283000000002,541.2289000000001,2584.7572,0.33328282015501515,0.4231508947502754,0.034173735574003994,0.04662449532977411,0.10952812124868054,0.011489551126891146,0.021469250574096477,0.020281131241263205,0.7906074504792946,0.2093925495207055
Gwh,2022-03-19,2022,3,03-19,Saturday,711.3705105197226,903.1880727766675,72.94161670360978,120.468,154.5136,36.148,197.005,52.136700000000005,1687.5002,560.2713,2247.7715,0.3164781253431333,0.40181489656607333,0.032450636865717794,0.05359441562454191,0.06874079504967476,0.016081705813958406,0.08764458486994786,0.02319483986695267,0.7507436587749244,0.24925634122507562
Gwh,2022-03-20,2022,3,03-20,Sunday,623.6198594945905,791.7758899376803,63.943950567729175,120.458,128.3556,36.3824,294.0281,50.7302,1479.3397,629.9543,2109.294,0.29565336055314745,0.3753748362900953,0.03031533326683202,0.05710820776999319,0.06085239895434208,0.017248614939406267,0.13939645208301926,0.024050796143164493,0.7013435301100748,0.2986564698899253
Gwh,2022-03-21,2022,3,03-21,Monday,679.6748795083279,862.9458706256291,69.6916498660428,120.44,150.96359999999999,33.8087,270.5595,52.400800000000004,1612.3123999999998,628.1726,2240.4849999999997,0.3033606025071929,0.38516029816117014,0.031105608770441582,0.05375621796173597,0.06737987533949123,0.01508990240952294,0.12075934451692381,0.02338815033352154,0.7196265094388046,0.2803734905611955
Gwh,2022-03-22,2022,3,03-22,Tuesday,879.2391767555023,1116.3216999020217,90.15432334247595,120.473,267.2116,21.7679,117.7667,52.663700000000006,2085.7152,579.8829000000001,2665.5981,0.32984686504522276,0.41878845123052183,0.033821423920761325,0.04519548539594172,0.1002445192319127,0.008166234812367251,0.04418021606482988,0.01975680429844244,0.782456740196506,0.217543259803494
Gwh,2022-03-23,2022,3,03-23,Wednesday,894.0649795433912,1135.1452075528766,91.67451290373207,120.254,172.2776,13.9112,201.6393,51.4218,2120.8847,559.5039,2680.3886,0.3335579697449061,0.4235002370749064,0.034201948517365,0.044864390185811114,0.06427336692895948,0.005189993719567378,0.07522763676878792,0.01918445705969649,0.7912601553371775,0.2087398446628224
Gwh,2022-03-24,2022,3,03-24,Thursday,781.9489956207997,992.7976995397538,80.17850483944638,120.455,147.6556,12.037099999999999,341.5156,51.6732,1854.9251999999997,673.3364999999999,2528.2616999999996,0.30928325007684127,0.3926799585421691,0.031712897774564396,0.04764340653501179,0.05840202380948144,0.004761018212632024,0.13507921272548648,0.020438232323813636,0.7336761063935747,0.26632389360642533
Gwh,2022-03-25,2022,3,03-25,Friday,721.670564117248,916.2654852089718,73.99775067378017,120.49,155.8966,21.1754,344.2393,51.8508,1711.9338,693.6521000000001,2405.5859,0.29999783591899504,0.38089077808818705,0.03076080162998136,0.050087589888184826,0.06480608320825293,0.0088025956587125,0.1430999824200832,0.02155433318760307,0.7116494156371634,0.28835058436283656
Gwh,2022-03-26,2022,3,03-26,Saturday,699.4463402756456,888.0486086255032,71.71895109885115,120.497,212.0926,45.77,54.7225,52.091800000000006,1659.2139,485.1739,2144.3878,0.326175302935246,0.41412687044083313,0.033444953892598696,0.05619179515943898,0.09890589752469213,0.02134408710961702,0.02551893831889922,0.024292154618674854,0.7737471272686778,0.2262528727313222
Gwh,2022-03-27,2022,3,03-27,Sunday,530.0476901436388,672.9724449651396,54.34936489122163,120.439,145.1436,41.9933,308.9108,51.858200000000004,1257.3695000000002,668.3448999999999,1925.7144000000003,0.2752473005050171,0.3494663824319637,0.028222962289330973,0.06254250370667633,0.07537130116490792,0.02180660849812412,0.16041361065794593,0.02692933074603378,0.6529366452263119,0.34706335477368805
Gwh,2022-03-28,2022,3,03-28,Monday,644.2146551237921,817.9239709988113,66.05567387739643,120.27,233.6116,49.1342,276.3215,52.3738,1528.1942999999999,731.7111,2259.9053999999996,0.28506266462471935,0.3619284112506707,0.02922939777806471,0.053219041823609085,0.10337229160123253,0.021741706533379673,0.12227126852300989,0.02317521786531419,0.6762204736534547,0.32377952634654533
Gwh,2022-03-29,2022,3,03-29,Tuesday,759.430443582706,964.2071306080338,77.86952580926013,120.462,257.4486,15.5401,156.7985,52.528200000000005,1801.5070999999998,602.7774,2404.2844999999998,0.3158654658309805,0.4010370364272755,0.03238781675349158,0.05010305560760385,0.10707909151350434,0.006463502967306907,0.06521628368023834,0.021847747219599017,0.7492903190117476,0.2507096809882524
Gwh,2022-03-30,2022,3,03-30,Wednesday,679.4820612369513,862.7010598549472,69.67187890810143,120.468,156.7766,25.2421,291.5501,54.4506,1611.855,648.4874,2260.3424,0.3006102355275693,0.38166830824168374,0.030823595092540595,0.053296350145889404,0.06935966869444204,0.01116737888914529,0.12898492723934213,0.024089536169387436,0.7131021388617937,0.2868978611382063
Gwh,2022-03-31,2022,3,03-31,Thursday,695.1840616135074,882.637027468335,71.28191091815752,120.424,237.1366,24.6345,157.8212,54.9528,1649.1029999999998,594.9691,2244.0721,0.30978686541021005,0.39331937127525224,0.03176453685162679,0.053663159931447844,0.10567245143326723,0.010977588465183449,0.07032804338149386,0.024487983251518526,0.7348707735370891,0.2651292264629109
Gwh,2022-04-01,2022,4,04-01,Friday,695.3931923507988,882.9025515901641,71.30335605903709,120.422,230.4416,50.5597,300.9855,54.278,1649.5991,756.6868000000001,2406.2859,0.2889902618599057,0.3669150667383972,0.029632121461143537,0.050044759851686785,0.09576650887577408,0.0210115098958108,0.12508301694324853,0.022556754374033445,0.6855374500594464,0.31446254994055367
Gwh,2022-04-02,2022,4,04-02,Saturday,632.1745985214982,802.6373744014942,64.82112707700772,120.408,163.8416,20.1352,337.6351,55.02,1499.6331000000002,697.0399,2196.6730000000002,0.28778730312681866,0.36538773609066716,0.029508773985480637,0.05481380250952235,0.07458624929609459,0.009166225469152668,0.15370294076542115,0.025046968756842734,0.6826838132029666,0.3173161867970335
Gwh,2022-04-03,2022,4,04-03,Sunday,638.4860877044616,810.6507256469016,65.46828664863692,120.473,166.5096,13.6359,237.2355,54.833,1514.6051000000002,592.687,2107.2921,0.3029888868773634,0.38468835224452347,0.031067494937525232,0.057169577962162904,0.07901590861561147,0.006470816266999719,0.1125783653818092,0.02602059771400462,0.7187447340594122,0.2812552659405879
Gwh,2022-04-04,2022,4,04-04,Monday,727.2452193931242,923.3433212990533,74.56935930782254,120.46799999999999,232.4326,13.4786,261.40590000000003,53.7599,1725.1579000000002,681.5450000000001,2406.7029,0.3021749046769022,0.38365488374117684,0.030984031850305467,0.0500552020774978,0.09657718865091325,0.005600441998885695,0.10861577471818396,0.022337572286134692,0.7168138202683846,0.2831861797316154
Gwh,2022-04-05,2022,4,04-05,Tuesday,695.4283920132873,882.9472426687769,71.30696531793576,120.497,168.8986,10.9012,341.591,52.4314,1649.6825999999999,694.3191999999999,2344.0018,0.2966842397532661,0.37668368798555396,0.030421036928357206,0.05140653048986567,0.0720556613907037,0.004650679022516108,0.14572983689688293,0.022368327532854282,0.7037889646671772,0.29621103533282267
Gwh,2022-04-06,2022,4,04-06,Wednesday,639.8997651673969,812.4455942951431,65.61324053745994,120.505,195.6576,23.6745,350.2677,50.7281,1517.9586,740.8329000000001,2258.7915000000003,0.2832929755435138,0.3596815351461802,0.029047940253653308,0.05334932418507861,0.0866204782513127,0.010481047055471917,0.15506862851219333,0.02245807105259604,0.6720224509433472,0.32797754905665266
Gwh,2022-04-07,2022,4,04-07,Thursday,634.9405753532573,806.1491833022166,65.10474134452627,120.50999999999999,219.43259999999998,16.2133,343.7003,51.9898,1506.1945,751.846,2258.0405,0.2811909597517216,0.35701272111913696,0.028832406391526757,0.053369281906148265,0.09717832784664401,0.007180252081395351,0.15221175173784526,0.02302429916558184,0.6670360872623853,0.3329639127376148
Gwh,2022-04-08,2022,4,04-08,Friday,595.9086602689714,756.5925040013036,61.10253572972503,120.505,218.8416,27.055,394.3928,50.9038,1413.6037000000001,811.6982,2225.3019000000004,0.26778778208429665,0.3399954424167361,0.02745808814962366,0.0541522028988516,0.09834243164938652,0.012157900912231278,0.17723114333385503,0.022875008555018977,0.6352413126506564,0.3647586873493434
Gwh,2022-04-09,2022,4,04-09,Saturday,510.8936766316877,648.6536475350629,52.38537583324953,120.486,164.3256,28.1277,400.7299,50.6488,1211.9327,764.3180000000001,1976.2507,0.2585166328501175,0.3282243733222019,0.026507454663140428,0.06096696132732553,0.08315017927634384,0.014232860233774996,0.20277280610197884,0.025628732225116985,0.6132484608354598,0.38675153916454025
Gwh,2022-04-10,2022,4,04-10,Sunday,486.7752894474289,618.0318556920397,49.91235486053143,120.437,118.47859999999999,17.8875,387.2925,48.5068,1154.7195,692.6024,1847.3219,0.2635032310543327,0.3345555832429853,0.027018764223242,0.06519545943779478,0.06413533017716078,0.009682936146645584,0.20965079231724587,0.026257903400593044,0.6250775785205599,0.37492242147944005
Gwh,2022-04-11,2022,4,04-11,Monday,596.4891385353981,757.3295053815418,61.16205608306014,120.43299999999999,228.6736,20.7955,280.4264,50.6185,1414.9807,700.947,2115.9277,0.28190431012146494,0.35791842291281584,0.028905551018146857,0.05691735119304879,0.10807250172111267,0.0098280768289011,0.13253118242178122,0.02392260378272849,0.6687282840524277,0.33127171594757227
Gwh,2022-04-12,2022,4,04-12,Tuesday,600.3144355092803,762.1862748983866,61.554289592333106,120.384,221.2886,12.433399999999999,358.9803,50.53,1424.055,763.6162999999999,2187.6713,0.27440796773687176,0.3484007286187768,0.028136900453159076,0.05502837652073234,0.10115258174297026,0.00568339494146127,0.16409243015621222,0.0230976198298163,0.6509455968088077,0.34905440319119235
Gwh,2022-04-13,2022,4,04-13,Wednesday,637.9994892564323,810.0329183170476,65.4183924265202,120.378,207.3076,14.4048,299.4366,50.81,1513.4508,692.337,2205.7878,0.28923883306292303,0.36723066394557424,0.02965760914378083,0.05457369924704453,0.09398347384095605,0.006530455921462617,0.13575041080560876,0.02303485403264992,0.6861271061522781,0.3138728938477219
Gwh,2022-04-14,2022,4,04-14,Thursday,716.6425751881826,909.8817261538663,73.48219865795114,120.392,246.33759999999998,27.1933,100.5588,51.368,1700.0065000000002,545.8497000000001,2245.8562,0.3190954858054503,0.40513801647401393,0.03271901320215922,0.053606281648842874,0.10968538413100534,0.012108210668162991,0.04477526210271165,0.02287234596765367,0.7569525154816235,0.24304748451837657
Gwh,2022-04-15,2022,4,04-15,Friday,703.7405709946975,893.5007598913887,72.1592691139139,120.37100000000001,289.4386,28.4268,112.9839,50.885999999999996,1669.4006000000002,602.1063,2271.5069000000003,0.3098122092407896,0.39335154997389116,0.031767136218654624,0.052991694632316545,0.12742140470715715,0.012514511842336908,0.0497396243876697,0.022401868997184198,0.7349308954333355,0.2650691045666645
Gwh,2022-04-16,2022,4,04-16,Saturday,525.9084615248852,667.717095437058,53.92494303805679,120.426,227.4486,28.571,347.0022,49.002,1247.5505,772.4498,2020.0003000000002,0.2603506848612276,0.33055296845107296,0.026695512390793597,0.05961682282918473,0.11259830010916334,0.014144057305338024,0.17178324181437002,0.024258412238849666,0.6175991657030941,0.38240083429690575
Gwh,2022-04-17,2022,4,04-17,Sunday,515.5390625086247,654.5516389002122,52.86169859116312,119.885,183.4406,14.9063,329.4723,48.011,1222.9524000000001,695.7152,1918.6676000000002,0.26869639249061417,0.3411490551569288,0.027551254105277596,0.062483465087959995,0.0956083273621757,0.0077690893409572345,0.17171932230470768,0.025023094151378798,0.6373967017528206,0.3626032982471794
Gwh,2022-04-18,2022,4,04-18,Monday,656.0034632123786,832.8915754326454,67.26446135497596,120.142,265.0206,10.1607,189.168,49.582,1556.1595,634.0733,2190.2327999999998,0.29951312171581884,0.38027536407666135,0.030711101283377718,0.054853529725241996,0.12100111001898978,0.004639095898846918,0.08636890105928467,0.022637776221778802,0.7104995870758579,0.2895004129241422
Gwh,2022-04-19,2022,4,04-19,Tuesday,613.2057744158079,778.5537000316558,62.8761255525364,120.314,217.2116,9.9323,365.2399,47.079,1454.6356,759.7767999999999,2214.4124,0.2769157969020621,0.3515847816024042,0.02839404509861686,0.05433224633315817,0.09808994927954702,0.004485298221776576,0.16493761505309487,0.021260267509340174,0.6568946236030831,0.3431053763969168
Gwh,2022-04-20,2022,4,04-20,Wednesday,636.9580007996176,808.7105976126056,65.31160158777674,120.382,223.9206,10.2552,321.7633,47.160000000000004,1510.9802,723.4811,2234.4613,0.2850611021097647,0.36192642835774586,0.029229238200624345,0.053875177878444355,0.10021234200834,0.004589562593901269,0.14400039060868947,0.021105758242490037,0.676216768668135,0.3237832313318651
Gwh,2022-04-21,2022,4,04-21,Thursday,674.5751423835733,856.4710166867812,69.16874092964552,120.399,250.2206,18.9723,178.2629,46.775,1600.2149,614.6298,2214.8447,0.3045699512853309,0.3866957429054873,0.031229612139237355,0.05436001901171671,0.11297433178949295,0.008565973045423907,0.08048550762949655,0.02111886219381431,0.7224953063300555,0.27750469366994446
Gwh,2022-04-22,2022,4,04-22,Friday,586.1838998620208,744.245509708946,60.105390429033285,120.401,235.4826,22.843,369.5305,48.729,1390.5348000000001,796.9861000000001,2187.5209000000004,0.2679672225586602,0.3402232681337791,0.027476487392204242,0.05503993127562803,0.10764816007015061,0.010442414515902452,0.16892661459828792,0.022275901455387232,0.6356669780846436,0.36433302191535627
Gwh,2022-04-23,2022,4,04-23,Saturday,543.4846436545645,690.0326087613228,55.72714758411279,120.359,215.8836,34.9217,250.4318,47.228,1289.2444,668.8240999999999,1958.0684999999999,0.2775616091339831,0.3524047339310769,0.02846026458426393,0.06146822749050914,0.11025334404797381,0.01783476931476095,0.127897364162694,0.024119687334738293,0.6584266076493239,0.3415733923506762
Gwh,2022-04-24,2022,4,04-24,Sunday,536.734865979514,681.4627866843732,55.03504733611285,120.358,239.9546,15.7612,138.8689,47.285,1273.2327000000002,562.2276999999999,1835.4604000000002,0.2924251953240255,0.3712762131421485,0.029984328365849158,0.06557373833834824,0.13073264887654346,0.008587055324102878,0.075658891905268,0.02576192872371422,0.6936857368320233,0.3063142631679767
Gwh,2022-04-25,2022,4,04-25,Monday,565.1239628728085,717.5068641360056,57.94597299118589,120.33,241.0356,9.9261,379.7695,47.341,1340.5768,798.4022,2138.9790000000003,0.26420266999947567,0.33544362246473924,0.027090482417632844,0.056255811768137966,0.11268722133316875,0.004640578519003693,0.17754709139266908,0.022132522105172605,0.6267367748818478,0.37326322511815213
Gwh,2022-04-26,2022,4,04-26,Tuesday,682.2404906808838,866.2032885079134,69.95472081120288,120.261,300.3146,34.046,107.1551,47.7,1618.3985,609.4767,2227.8752,0.3062292226606247,0.38880242865844256,0.031399748428997676,0.053980133178016435,0.13479866376716254,0.01528182548106824,0.04809744280110484,0.021410535024583066,0.7264313997480649,0.27356860025193513
Gwh,2022-04-27,2022,4,04-27,Wednesday,623.1680798504501,791.2022922018378,63.897627947712046,120.27199999999999,301.3226,45.1283,211.592,48.402,1478.268,726.7169000000001,2204.9849000000004,0.2826178446167364,0.35882435848056726,0.028978714524399707,0.054545498248083225,0.13665517618737433,0.020466489362353454,0.09596074784911224,0.02195117073137326,0.6704209176217033,0.3295790823782966
Gwh,2022-04-28,2022,4,04-28,Thursday,543.4030310239325,689.9289896856408,55.718779290426745,120.258,296.4816,21.8033,331.0868,47.742,1289.0508,817.3716999999999,2106.4224999999997,0.2579743764719246,0.327535900174652,0.02645185345790161,0.057091110639009984,0.14075125004599032,0.010350867406704971,0.15717967311875944,0.02266496868505725,0.6119621301044782,0.3880378698955219
Gwh,2022-04-29,2022,4,04-29,Friday,580.1875214300769,736.6322372810607,59.49054128886233,117.457,332.5906,29.6954,92.5039,47.119,1376.3102999999999,619.3659,1995.6761999999999,0.2907222731974641,0.36911410642721537,0.02980971627003536,0.05885574022479198,0.16665559272591415,0.014879868788333498,0.046352158731962634,0.023610543634282957,0.6896460958947147,0.31035390410528524
Gwh,2022-04-30,2022,4,04-30,Saturday,441.5306128562851,560.5871742548346,45.27311288888028,92.838,242.3776,18.6951,410.2093,45.5599,1047.3908999999999,809.6799,1857.0708,0.23775647802780867,0.3018663447052394,0.024378775913594827,0.04999163198301325,0.13051607940849644,0.010066982906629085,0.220890501320682,0.024533205734536347,0.5640015986466428,0.4359984013533571
Gwh,2022-05-01,2022,5,05-01,Sunday,468.2801918468368,548.4694607363582,51.414731398300155,166.42611188060698,231.5046918945367,28.469717713945702,235.8962141062296,42.998880423185476,1068.1643839814951,705.2956160185045,1773.4599999999996,0.26404891672033026,0.3092651995175298,0.028991198785594356,0.0938426081674281,0.13053843441325813,0.016053205436799087,0.13301467983841173,0.024245757120648612,0.6023053150234544,0.39769468497654564
Gwh,2022-05-02,2022,5,05-02,Monday,463.57134592019634,542.95426229098,50.897724587571375,181.84268756265524,263.80760762145104,43.90022183345395,264.5893773289405,45.83677285475101,1057.4233327987477,799.9766672012518,1857.3999999999994,0.24958078277172202,0.29231951237804465,0.027402672869371914,0.09790173767775132,0.14203058448446815,0.02363530840608052,0.1424514791261659,0.024677922286395513,0.5693029680191386,0.4306970319808614
Gwh,2022-05-03,2022,5,05-03,Tuesday,403.72217909333455,472.85640031311175,44.326597107932855,168.95927785109353,221.39115479373223,40.89820804705745,350.15209797445584,42.424084819281425,920.9051765143793,823.8248234856205,1744.7299999999998,0.23139521822478812,0.27101981413348303,0.02540599239305386,0.0968397848670531,0.12689135556431783,0.023440995481855333,0.20069128058464972,0.024315558750798938,0.5278210247513251,0.4721789752486749
Gwh,2022-05-04,2022,5,05-04,Wednesday,404.6191384504757,473.90695684631345,44.42507858382171,169.6789282082894,211.0392452705745,29.44454213426696,342.6630167854402,41.83309372081766,922.9511738806109,794.6588261193888,1717.6099999999997,0.2355710192945289,0.27591068801783497,0.025864473648745476,0.09878780876234385,0.12286796494581106,0.017142740281127243,0.1994998962427095,0.024355408806898928,0.5373461809611094,0.46265381903889063
Gwh,2022-05-05,2022,5,05-05,Thursday,484.11177679898907,567.0120790501152,53.15295714881518,166.5191743917269,259.30554632726864,39.07731277593734,110.53602805561803,40.375125451529144,1104.2768129979195,615.81318700208,1720.0899999999995,0.28144560854315137,0.3296409368405812,0.030901265136600527,0.09680840792733342,0.15075115042077375,0.022718179151054507,0.06426177005599594,0.023472681924509273,0.6419878105203332,0.35801218947966684
Gwh,2022-05-06,2022,5,05-06,Friday,470.5498219253856,551.1277469652573,51.66392498558788,163.111695473066,224.24079179315206,22.112914128782425,359.642243003978,40.060861724790165,1073.3414938762307,809.1685061237687,1882.5099999999993,0.2499587369657456,0.2927621882302126,0.027444170275636198,0.08664585870623054,0.11911798173351118,0.011746505531860353,0.19104400136199975,0.021280557194803842,0.5701650954715943,0.42983490452840567
Gwh,2022-05-07,2022,5,05-07,Saturday,550.4966144389858,644.7647936329873,60.44166731765478,158.54846656785955,284.0883921253652,14.433979063372613,122.7821196047408,38.47396724903329,1255.7030753896279,618.3269246103715,1874.0299999999993,0.2937501611174773,0.3440525464549594,0.03225224106212537,0.08460295009570797,0.1515922328486552,0.007702106723677112,0.0655176916083205,0.020530070089077177,0.670054948634562,0.329945051365438
Gwh,2022-05-08,2022,5,05-08,Sunday,469.70799958404916,550.1417692245212,51.57149726748558,159.14285503514432,248.93828628975368,23.91545077478433,229.4367992306883,40.41534259357276,1071.4212660760559,701.8487339239434,1773.2699999999993,0.2648823921817035,0.3102414010413087,0.029082710059655667,0.08974541667943652,0.14038374657539673,0.013486638117593113,0.12938627463989602,0.022791420705009828,0.6042065032826678,0.3957934967173322
Gwh,2022-05-09,2022,5,05-09,Monday,520.621002426534,609.7732200090542,57.16148038315712,194.10033242937413,224.06669348047578,39.63716405715349,403.70534089408676,49.33476632016385,1187.5557028187454,910.844297181254,2098.3999999999996,0.24810379452274786,0.2905896016055348,0.02724050723558765,0.092499205313274,0.10677978149088631,0.018889231822890536,0.19238721925947713,0.023510658749601534,0.5659339033638704,0.4340660966361295
Gwh,2022-05-10,2022,5,05-10,Tuesday,565.7490835205848,662.629127076369,62.116309155265924,174.11122605454665,251.18887877127992,34.11919183800544,351.6598030402326,43.016380543715016,1290.4945197522197,854.0954802477797,2144.5899999999992,0.2638029103560984,0.30897706651451756,0.028964188565304298,0.08118625287562971,0.1171267602531393,0.015909424103444227,0.16397530672074043,0.02005809061112615,0.6017441654359202,0.39825583456407987
Gwh,2022-05-11,2022,5,05-11,Wednesday,635.5771820077837,744.4147336177743,69.78307147039638,170.13050338382962,264.49611133179127,13.268608316512166,223.7814916191279,40.508298252783845,1449.7749870959544,712.1850129040447,2161.959999999999,0.29398193398942807,0.3443240085930242,0.03227768851893486,0.07869271558392833,0.12234089036420256,0.006137305184421623,0.10350861792962311,0.018736839836437244,0.6705836311013872,0.3294163688986128
Gwh,2022-05-12,2022,5,05-12,Thursday,666.2910271701442,780.38808117045,73.15529204843068,172.6997734148409,252.08135041513822,19.181327580122783,194.87159093514705,42.091557265725434,1519.834400389025,680.9255996109745,2200.7599999999993,0.30275496972416094,0.3545993571177458,0.033240922248873435,0.07847278822535896,0.11454286265432773,0.008715774359822421,0.08854740677545353,0.019125918894257188,0.6905952490907802,0.30940475090921987
Gwh,2022-05-13,2022,5,05-13,Friday,669.1270729848143,783.7097773379968,73.46667513986456,171.11309995380321,269.82803349297615,12.711506414648259,193.57891415714525,42.06492051875079,1526.3035254626757,689.2964745373237,2215.5999999999995,0.30200716419246004,0.3537234958196412,0.033158817087860885,0.07723104348880812,0.121785535969027,0.005737274965990369,0.08737087658293252,0.018985791893279834,0.6888894770999621,0.3111105229000378
Gwh,2022-05-14,2022,5,05-14,Saturday,571.1961089893102,669.0089124558585,62.71436424337401,153.1519849823174,216.43753053665813,6.476043584898161,262.6275621719413,38.237493035641734,1302.9193856885427,676.9306143114567,1979.8499999999995,0.28850473974761237,0.3379088882773234,0.03167632105632953,0.07735534761841424,0.10932016594017638,0.003270976884561034,0.13265023217513516,0.019313328300447883,0.6580899490812653,0.34191005091873466
Gwh,2022-05-15,2022,5,05-15,Sunday,529.3731149523549,620.0240623912811,58.12241685349573,155.1492634880447,206.4375292641084,21.922339117013223,182.439889874819,38.071384058882444,1207.5195941971317,604.0204058028678,1811.5399999999995,0.29222270275696643,0.34226352296459434,0.0320845340723891,0.0856449559424825,0.11395692574500617,0.012101493269269918,0.10070983244908699,0.021016032800204497,0.66657075979395,0.3334292402060501
Gwh,2022-05-16,2022,5,05-16,Monday,621.3586249567923,727.7613614402104,68.22194780047349,191.1911869950065,252.38257642193082,38.92816045516728,170.29040731626756,45.905734614150916,1417.3419341974763,698.698065802523,2116.0399999999995,0.29364219247121626,0.34392608903433325,0.03224038666588226,0.0903532953039671,0.11927117465734621,0.01839670349103386,0.08047598689829474,0.021694171477926186,0.6698086681714318,0.3301913318285681
Gwh,2022-05-17,2022,5,05-17,Tuesday,680.8829490705393,797.4787539666942,74.75740923842956,166.9971007061685,298.8946830586756,30.01966085220725,85.09269992757822,39.47674317970675,1553.119112275663,620.4808877243363,2173.5999999999995,0.3132512647545728,0.36689305942523665,0.034393360893646294,0.07682972980592959,0.1375113558422321,0.013811032780735763,0.039148279318907915,0.01816191717873885,0.7145376850734557,0.28546231492654417
Gwh,2022-05-18,2022,5,05-18,Wednesday,681.1550948756138,797.7975025824795,74.78728943347666,164.6575979670498,273.795206676108,7.4502436001717705,148.86056911201072,39.016495753088975,1553.73988689157,633.7801131084293,2187.5199999999995,0.311382339304607,0.36470409531454784,0.03418816259210278,0.07527135658967682,0.12516237871018693,0.0034057945071001737,0.06804992370904529,0.01783594927273304,0.7102745972112576,0.28972540278874226
Gwh,2022-05-19,2022,5,05-19,Thursday,671.83225518865,786.8782005392426,73.76369008693106,165.12417179691542,304.5466496884515,7.781911791059537,125.01008545305082,39.128035455698345,1532.4741458148237,641.5908541851755,2174.064999999999,0.3090212368023267,0.36193867273482755,0.03392892580807432,0.07595180999506247,0.1400816671481541,0.0035794292217847857,0.05750062001506435,0.017997638274705845,0.7048888353452285,0.2951111646547715
Gwh,2022-05-20,2022,5,05-20,Friday,650.4576667719175,761.8433833795596,71.41687136316374,164.6401594300393,340.7827147970857,20.49671863727905,122.23958487368523,39.50290074726913,1483.7179215146407,687.6620784853584,2171.379999999999,0.2995595735301595,0.3508567746684412,0.03289008435334385,0.07582282209011751,0.15694291869552351,0.00943948946627447,0.056295804913780764,0.018192532282359213,0.6833064325519445,0.31669356744805544
Gwh,2022-05-21,2022,5,05-21,Saturday,598.3759190952015,700.8430494773335,65.69856613869626,147.86844219908238,294.2773758447723,28.5776664297428,73.23297582890027,35.96600498627035,1364.9175347112314,579.9224652887681,1944.8399999999995,0.30767359736286876,0.3603602607295889,0.03378096200134524,0.07603116050630511,0.15131186927704715,0.014694096393401414,0.03765501317789653,0.01849304055154684,0.7018148200938029,0.29818517990619703
Gwh,2022-05-22,2022,5,05-22,Sunday,500.87823510202185,586.6496603615425,54.99382713469146,159.48776210500907,320.4345995396541,18.444928856040942,161.76696303843045,39.62402386260907,1142.5217225982558,699.7582774017436,1842.2799999999993,0.27187953791064445,0.31843675248145925,0.02985096029631298,0.08657085899266623,0.17393371232367186,0.010012011668172564,0.08780802214561875,0.021508144181454008,0.6201672506884166,0.3798327493115834
Gwh,2022-05-23,2022,5,05-23,Monday,516.0012035232003,604.3623171834856,56.654250472807334,191.9927000010176,288.46491700406114,16.044824596829088,412.02403563247185,45.26575158612644,1177.0177711794931,953.7922288205061,2130.8099999999995,0.24216199638785268,0.28363031766487196,0.026588128680082854,0.09010315326144407,0.13537805670334813,0.007529918010910917,0.19336498121957,0.02124344807191934,0.5523804427328074,0.44761955726719244
Gwh,2022-05-24,2022,5,05-24,Tuesday,639.062598412748,748.4969999389979,70.16575207784575,177.13325412432238,371.216225360989,13.440317893615086,187.712863346883,42.03198884459816,1457.7253504295918,791.5346495704075,2249.2599999999993,0.28412126584421016,0.33277477923361376,0.031195038402783926,0.07875179131106338,0.16503926863101157,0.00597543987516565,0.08345538681472266,0.018687029887428833,0.648091083480608,0.35190891651939205
Gwh,2022-05-25,2022,5,05-25,Wednesday,602.0879460328115,705.1907315876537,66.10612740492827,172.96427116877294,333.76174538445775,22.886108664272804,328.301686429558,40.23138332754421,1373.3848050253935,898.1451949746057,2271.5299999999993,0.26505832898214493,0.31044746562345815,0.029102027005995207,0.07614439218006057,0.1469325720481164,0.010075195425230048,0.1445288798429068,0.017711138892087808,0.6046078216115983,0.3953921783884016
Gwh,2022-05-26,2022,5,05-26,Thursday,608.8736216289603,713.1384003119565,66.85115932002178,175.41354222121856,339.29839662597396,21.498611267861328,286.2589649184714,41.15730370553543,1388.8631812609385,863.6268187390607,2252.4899999999993,0.2703113539367369,0.31660002943940113,0.02967878184587803,0.07787539221981835,0.15063258732601434,0.009544375898610576,0.12708556527153128,0.018271914062009353,0.616590165222016,0.3834098347779839
Gwh,2022-05-27,2022,5,05-27,Friday,678.3629257600604,794.5271966507839,74.48072377557718,172.7646328551996,375.64907772980536,18.54862071883469,91.92439882362976,40.55242368610824,1547.3708461864217,699.4391538135777,2246.8099999999995,0.30192269295581764,0.3536245595536713,0.03314954258507715,0.07689329887938884,0.16719218702507352,0.008255535946001084,0.04091329432556815,0.018048888729402243,0.688696795094566,0.3113032049054339
Gwh,2022-05-28,2022,5,05-28,Saturday,518.3708431183162,607.1377387654812,56.914424585261564,154.4283704460002,342.2836951977961,20.656216492594048,230.35652257980644,36.5721888147436,1182.423006469059,784.2969935309404,1966.7199999999993,0.26357124711108665,0.3087057327761356,0.028938753144962977,0.07852077084994318,0.1740378372100737,0.010502876104678885,0.11712725887762697,0.01859552392549199,0.6012157330321852,0.39878426696781477
Gwh,2022-05-29,2022,5,05-29,Sunday,469.6444661151097,550.0673561529145,51.564521622781434,163.5109469777998,308.47817107081227,32.88814200775959,303.8278706669276,42.278525385894554,1071.2763438908057,850.9836561091938,1922.2599999999995,0.24431890905242257,0.2861565845166183,0.026824946481111528,0.08506182669243485,0.16047681950975015,0.017109101790475586,0.1580576356304182,0.021994176326768786,0.5573004400501524,0.4426995599498476
Gwh,2022-05-30,2022,5,05-30,Monday,523.1153389640879,612.6946918958997,57.43534557183727,199.3857750109874,280.6107943503092,30.750957843331925,464.39061352426734,51.96648283927862,1193.2453764318248,1027.1046235681745,2220.3499999999995,0.23560039586735784,0.27594509509577314,0.025867699043771154,0.08979925462696757,0.1263813337313078,0.013849599316923878,0.20915198663466006,0.023404635683238514,0.5374131900069021,0.4625868099930978
Gwh,2022-05-31,2022,5,05-31,Tuesday,579.0504766213244,678.2082782512942,63.576732989980265,175.07312877786737,295.7805333268422,13.108826041702526,378.9742483533318,44.617775637656464,1320.835487862599,907.5545121374003,2228.3899999999994,0.25985149665064217,0.3043490045509513,0.028530343876063114,0.07856485120551941,0.13273283999965996,0.005882644439125346,0.17006639248665265,0.02002242679138592,0.5927308450776566,0.4072691549223433
Gwh,2022-06-01,2022,6,06-01,Wednesday,580.016581665549,679.3398236653292,63.68280486949222,165.4071418612368,293.54819730060956,4.897559006450677,375.98661180093507,40.711279830397054,1323.0392102003705,880.5507897996291,2203.5899999999997,0.263214382741594,0.30828775936781766,0.0288995706413136,0.07506257600607955,0.1332136183684849,0.002222536409427651,0.17062457707692225,0.018474979388360385,0.6004017127507253,0.3995982872492747
Gwh,2022-06-02,2022,6,06-02,Thursday,662.1132322614632,775.4948749212631,72.69659024322341,171.17886197781186,290.14285216202944,8.606540928728432,265.24236820320596,41.074679302273786,1510.3046974259496,776.2453025740494,2286.5499999999993,0.28956866557104083,0.33915500422963124,0.03179313386684019,0.07486338019191005,0.12689110326125802,0.0037639854491388486,0.1160011231782406,0.01796360425194017,0.6605168036675122,0.3394831963324877
Gwh,2022-06-03,2022,6,06-03,Friday,659.6302536674464,772.5867059248176,72.42397210385256,169.67154912296206,292.26425601255056,27.054141393874353,249.07964184793354,39.699479926562276,1504.6409316961165,777.7690683038828,2282.4099999999994,0.2890060303220922,0.3384960221541343,0.031731359441928744,0.07433876872383231,0.12805072533530376,0.011853322318897288,0.10913010451581162,0.017393667187999652,0.6592334119181553,0.3407665880818446
Gwh,2022-06-04,2022,6,06-04,Saturday,617.429866190475,723.1598366017173,67.79058897988082,149.25618879352163,307.59090091919484,36.05579398259334,56.435059331024185,34.251765201592235,1408.3802917720732,583.5897082279262,1991.9699999999993,0.30995942016720895,0.36303751391924455,0.03403193269972984,0.07492893406704,0.15441542840464212,0.018100570782990384,0.0283312797537233,0.017194920205420888,0.7070288667861834,0.2929711332138166
Gwh,2022-06-05,2022,6,06-05,Sunday,506.0328968792791,592.6870193049929,55.559780958277905,162.36323819843233,282.43475456576857,17.104620165349946,226.22304666650615,38.02464326139248,1154.27969714255,726.1503028574494,1880.4299999999994,0.26910488392510185,0.31518696218683656,0.02954631704358999,0.08634367575417984,0.15019689888257934,0.009096121719686429,0.12030389148572732,0.020221249002298672,0.6138381631555285,0.3861618368444716
Gwh,2022-06-06,2022,6,06-06,Monday,580.2973070463431,679.6686210423618,63.71362705667122,192.89753101488662,266.2791787918184,17.287264032684945,287.5629317815065,45.30353923372675,1323.679555145376,809.3304448546232,2133.0099999999993,0.272055596104258,0.31864296043729845,0.029870289898627406,0.09043442413063543,0.12483728570978031,0.00810463337381679,0.13481555725547775,0.02123925309010589,0.6205688464401838,0.37943115355981616
Gwh,2022-06-07,2022,6,06-07,Tuesday,609.6107186647665,714.0017220421738,66.93208723723136,165.9987710991813,293.64831760350603,9.79729425210322,288.72841240177814,38.95267669925892,1390.5445279441717,797.1254720558277,2187.669999999999,0.27865753000441873,0.32637542318639196,0.03059514791409645,0.0758792556003334,0.13422879940919158,0.004478415049849028,0.13197987466198205,0.01780555417373687,0.6356281011049072,0.36437189889509297
Gwh,2022-06-08,2022,6,06-08,Wednesday,636.8482920602415,745.9035139778794,69.92263117423677,157.0674897864723,262.06794759941056,9.583636017933568,282.723176504795,36.91331287903013,1452.6744372123576,748.3555627876415,2201.029999999999,0.28934103218049817,0.33888839042533714,0.03176814090413888,0.0713609036616822,0.11906604980368768,0.004354159651587471,0.1284503966346643,0.01677092673840436,0.6599975635099742,0.340002436490026
Gwh,2022-06-09,2022,6,06-09,Thursday,633.8029838859726,742.3367209179743,69.58827217078802,159.55678512912297,235.14924823517714,7.098282364377798,356.43750994969264,35.03019734689383,1445.727976974735,793.2720230252644,2238.999999999999,0.28307413304420403,0.3315483344877064,0.03108006796372847,0.071262521272498,0.10502422877855169,0.003170291364170523,0.1591949575478753,0.015645465541265672,0.6457025354956389,0.35429746450436117
Gwh,2022-06-10,2022,6,06-10,Friday,641.4119236603713,751.2486313150475,70.4236941953193,159.02792828352875,240.7785688395969,11.198337863913721,353.9200398988683,35.050875943353525,1463.084249170738,799.9757508292612,2263.0599999999995,0.28342683077796055,0.3319614289126438,0.031118792341042357,0.07027119399553206,0.10639513262555873,0.0049483168205499296,0.15639003822208355,0.015488266304628923,0.6465070520316467,0.3534929479683532
Gwh,2022-06-11,2022,6,06-11,Saturday,601.2635183244632,704.2251298092458,66.01560804115104,144.37467664104148,204.3088676925891,16.736403097250975,218.88449933067406,31.82129706358366,1371.50425617486,616.1257438251392,1987.6299999999992,0.30250273860047566,0.3543039347409961,0.03321322783473336,0.07263659566470698,0.10279019117873507,0.00842028098652716,0.11012336266341027,0.016009668330415457,0.6900199011762052,0.3099800988237949
Gwh,2022-06-12,2022,6,06-12,Sunday,564.3729282060541,661.017318553255,61.965213058847354,154.04577997766089,195.871539228761,17.215993934215014,198.56233529832912,34.89889174287701,1287.3554598181565,600.5945401818431,1887.9499999999996,0.2989342557832857,0.35012437752761205,0.03282142697573949,0.08159420534318225,0.1037482662299113,0.009118882350811736,0.10517351375742427,0.01848507203203317,0.6818800602866373,0.3181199397133627
Gwh,2022-06-13,2022,6,06-13,Monday,655.5475276024638,767.8048453837022,71.9757100100599,184.38333748011462,191.068036026962,9.175318634714856,239.0445607603998,42.51066410158235,1495.3280829962257,666.1819170037737,2161.5099999999993,0.30328220901243297,0.35521688328238243,0.0332988096331083,0.08530302310889826,0.08839562899406529,0.004244865226029423,0.11059146650276884,0.019667114240314577,0.6917979019279236,0.30820209807207644
Gwh,2022-06-14,2022,6,06-14,Tuesday,680.0105203186603,796.4569316920379,74.66161941491836,163.16598486413974,227.50038292451052,3.799898653414811,229.58178405088296,36.59287808143483,1551.1290714256165,660.6409285743829,2211.7699999999995,0.3074508291181544,0.3600993465378579,0.03375650244596788,0.07377167827764179,0.1028589694789741,0.0017180351724703797,0.10380002624634704,0.016544612722586362,0.7013066781019802,0.29869332189801967
Gwh,2022-06-15,2022,6,06-15,Wednesday,687.2558107644891,804.9429206955583,75.45711463396806,157.52584847256327,219.53958496632654,8.722339099269036,236.12765707187097,35.138724295954056,1567.6558460940155,657.0541539059839,2224.709999999999,0.3089192797103844,0.36181925765405765,0.03391773068578291,0.0708073629698088,0.09868233835705625,0.003920663411981354,0.10613862349334119,0.015794743717587493,0.704656268050225,0.2953437319497751
Gwh,2022-06-16,2022,6,06-16,Thursday,733.7534906677856,859.4029597096958,80.56231812256972,164.76978335034363,228.79286091555522,19.223742692960705,145.66060846375314,36.92423607733559,1673.718768500051,595.3712314999482,2269.0899999999992,0.3233690557306171,0.3787434432788898,0.03550424096116494,0.07261491758825947,0.10083022749893363,0.008472005382316572,0.06419340284596609,0.016272706713852517,0.7376167399706718,0.2623832600293282
Gwh,2022-06-17,2022,6,06-17,Friday,697.7481262064777,817.2319619876772,76.60911631468313,167.91862224733254,230.0902481252851,11.500907847042113,291.01372004881136,38.337297222690175,1591.589204508838,738.8607954911612,2330.4499999999994,0.2994048901312956,0.3506756042771471,0.032873100180086746,0.07205416217783371,0.0987321110194534,0.004935058828570498,0.12487447490776951,0.016450598477843414,0.6829535945885294,0.3170464054114705
Gwh,2022-06-18,2022,6,06-18,Saturday,656.1393893038536,768.4980587099518,72.0406933474864,153.80036265287777,219.0394437259557,9.20248714383444,172.7588488462242,35.30071626981551,1496.6781413612919,590.1018586387077,2086.7799999999997,0.31442671930143745,0.3682698026193235,0.034522418916937296,0.0737022410857291,0.10496527843182114,0.004409898093634424,0.08278728416326792,0.01691635738784899,0.7172189408376983,0.2827810591623016
Gwh,2022-06-19,2022,6,06-19,Sunday,622.0421859220446,728.5619795268992,68.29699770464146,167.70116403749412,248.7675753323992,24.334984218293233,133.9824212254143,39.792692032813264,1418.9011631535852,614.5788368464142,2033.4799999999996,0.30590032157780983,0.3582833268716188,0.033586264779905124,0.08247003365535642,0.12233588495210145,0.011967161820275213,0.06588824145082044,0.01956876489211267,0.6977699132293337,0.3022300867706662
Gwh,2022-06-20,2022,6,06-20,Monday,653.3414275473272,765.2209681811901,71.73349169462759,208.36118136513682,250.12310671480492,19.690465389788557,399.95371662978226,50.82064247734199,1490.295887423145,928.9491125768544,2419.2449999999994,0.27006005077920064,0.3163056937933902,0.02965118939777807,0.08612653177546584,0.10338891129869235,0.008139095209368443,0.16532170847920832,0.021006819266896078,0.6160169339703689,0.383983066029631
Gwh,2022-06-21,2022,6,06-21,Tuesday,700.7831717401195,820.7867350110963,76.94234853355167,181.4014794503542,264.81975369294304,9.94601749687083,362.0637867214746,44.106707353588966,1598.5122552847677,862.3377447152316,2460.8499999999995,0.2847728109149764,0.3335378974789591,0.03126657396166027,0.07371496818186977,0.10761312298309246,0.004041700021078421,0.14712956365543398,0.017923362802929464,0.6495772823555959,0.3504227176444041
Gwh,2022-06-22,2022,6,06-22,Wednesday,763.9303735492566,894.7473945818849,83.87558295819183,177.12183688323782,254.4449226071206,10.877533289148136,251.10951876109553,42.412837370063826,1742.5533510893333,735.9666489106659,2478.519999999999,0.3082203789153434,0.3610006756378344,0.033840995012423485,0.0714627426380412,0.1026600239687881,0.004388721208280805,0.10131429996977859,0.017112162649510126,0.7030620495656013,0.2969379504343988
Gwh,2022-06-23,2022,6,06-23,Thursday,783.4672494775631,917.6298056501951,86.02063035309413,182.42066281037503,245.94288698554794,10.893734277160977,284.64546025082643,43.80957019523654,1787.1176854808523,767.712314519147,2554.829999999999,0.3066612062162897,0.3591745069731432,0.033669805956988985,0.07140227052695292,0.09626585212540484,0.004263976185171217,0.1114146382541408,0.017147743761908446,0.6995055191464219,0.3004944808535782
Gwh,2022-06-24,2022,6,06-24,Friday,804.8747359201194,942.7031544555743,88.37106105621793,187.9183196102681,250.9263359750047,5.333180546580407,332.6897553197036,45.53345711653059,1835.9489514319116,822.4010485680874,2658.349999999999,0.30277229707153674,0.3546196529635205,0.033242823953286045,0.0706898337729299,0.09439176029304072,0.0020061995397823496,0.12514896658442407,0.017128465821479717,0.6906347739883433,0.3093652260116567
