datetime,Coal,region,Wind,Hydro,Solar,Other,Petroleum,Nuclear,Natural gas
2020-03-01 00:00:00,0,NY,761,3487.0,0,676,1059,5259,6250
2020-03-01 01:00:00,0,NY,940,3490.0,0,673,1061,5256,6169
2020-03-01 02:00:00,0,NY,942,3530.0,0,672,1059,5248,6126
2020-03-01 03:00:00,0,NY,881,3415.0,0,460,958,5245,5494
2020-03-01 04:00:00,0,NY,825,3442.0,0,325,933,5246,4915
2020-03-01 05:00:00,0,NY,688,3156.0,0,327,914,5247,4518
2020-03-01 06:00:00,0,NY,551,2904.0,0,325,919,5217,3998
2020-03-01 07:00:00,0,NY,504,2847.0,0,323,907,5208,3850
2020-03-01 08:00:00,0,NY,496,2741.0,0,321,895,5226,3886
2020-03-01 09:00:00,0,NY,526,2507.0,0,323,901,5234,3997
2020-03-01 10:00:00,0,NY,606,2454.0,0,324,895,5234,3835
2020-03-01 11:00:00,0,NY,532,2507.0,0,321,909,5231,3955
2020-03-01 12:00:00,0,NY,508,3083.0,0,327,906,5213,4000
2020-03-01 13:00:00,0,NY,532,3326.0,0,333,892,5211,4125
2020-03-01 14:00:00,0,NY,399,3355.0,0,345,892,5228,4233
2020-03-01 15:00:00,0,NY,295,3328.0,0,348,909,5235,4413
2020-03-01 16:00:00,0,NY,291,3373.0,0,352,883,5212,4112
2020-03-01 17:00:00,0,NY,363,3371.0,0,350,877,5206,4113
2020-03-01 18:00:00,0,NY,324,3382.0,0,352,873,5201,4004
2020-03-01 19:00:00,0,NY,278,3383.0,0,349,870,5199,3932
2020-03-01 20:00:00,0,NY,291,3329.0,0,344,803,5193,3922
2020-03-01 21:00:00,0,NY,247,3371.0,0,331,842,5195,4303
2020-03-01 22:00:00,0,NY,162,3416.0,0,324,871,5198,4556
2020-03-01 23:00:00,0,NY,146,3439.0,0,320,952,5208,5386
2020-03-02 00:00:00,0,NY,195,3447.0,0,322,1041,5217,5822
2020-03-02 01:00:00,0,NY,344,3468.0,0,323,1047,5221,5826
2020-03-02 02:00:00,0,NY,581,3673.0,0,322,986,5206,5654
2020-03-02 03:00:00,0,NY,798,3548.0,0,320,943,5199,4943
2020-03-02 04:00:00,0,NY,799,3298.0,0,318,880,5182,4339
2020-03-02 05:00:00,0,NY,945,3030.0,0,320,888,5183,3870
2020-03-02 06:00:00,0,NY,859,2529.0,0,321,752,5191,3614
2020-03-02 07:00:00,0,NY,907,2745.0,0,320,751,5184,3548
2020-03-02 08:00:00,0,NY,1076,2346.0,0,318,751,5193,3579
2020-03-02 09:00:00,0,NY,1253,2175.0,0,320,728,5200,3596
2020-03-02 10:00:00,0,NY,1296,2165.0,0,329,715,5212,3743
2020-03-02 11:00:00,0,NY,1294,1596.0,0,343,914,5288,4714
2020-03-02 12:00:00,0,NY,1461,2053.0,0,337,992,5291,5628
2020-03-02 13:00:00,0,NY,1432,2271.0,0,340,1071,5286,6266
2020-03-02 14:00:00,0,NY,1397,2910.0,0,351,1029,5265,5701
2020-03-02 15:00:00,0,NY,1336,3400.0,0,353,943,5219,5516
2020-03-02 16:00:00,0,NY,1372,3251.0,0,358,910,5207,5104
2020-03-02 17:00:00,0,NY,1294,3406.0,0,361,884,5198,4610
2020-03-02 18:00:00,0,NY,1276,3434.0,0,356,857,5193,4666
2020-03-02 19:00:00,0,NY,1262,3438.0,0,359,849,5191,4666
2020-03-02 20:00:00,0,NY,1238,3475.0,0,354,847,5184,4679
2020-03-02 21:00:00,0,NY,1305,3406.0,0,344,864,5178,4829
2020-03-02 22:00:00,0,NY,1311,3398.0,0,337,890,5215,5227
2020-03-02 23:00:00,0,NY,1197,3379.0,0,329,951,5239,5632
2020-03-03 00:00:00,0,NY,1080,3670.0,0,334,1011,5263,5940
2020-03-03 01:00:00,0,NY,1056,3753.0,0,375,1013,5263,6326
2020-03-03 02:00:00,0,NY,931,3626.0,0,338,997,5245,5968
2020-03-03 03:00:00,0,NY,866,3494.0,0,328,917,5236,5150
2020-03-03 04:00:00,0,NY,809,3247.0,0,330,844,5234,4718
2020-03-03 05:00:00,0,NY,667,2917.0,0,335,780,5251,4068
2020-03-03 06:00:00,0,NY,520,2843.0,0,332,850,5236,3816
2020-03-03 07:00:00,0,NY,389,2792.0,0,333,871,5222,3550
2020-03-03 08:00:00,0,NY,316,2746.0,0,334,858,5227,3504
2020-03-03 09:00:00,0,NY,255,2540.0,0,335,768,5220,3457
2020-03-03 10:00:00,0,NY,197,2764.0,0,334,842,5209,3541
2020-03-03 11:00:00,0,NY,172,2997.0,0,329,890,5229,4085
2020-03-03 12:00:00,0,NY,141,3489.0,0,329,910,5235,5323
2020-03-03 13:00:00,0,NY,249,3482.0,0,337,962,5282,5408
2020-03-03 14:00:00,0,NY,310,3501.0,0,346,954,5288,5155
2020-03-03 15:00:00,0,NY,356,3399.0,0,355,908,5288,5098
2020-03-03 16:00:00,0,NY,304,3358.0,0,357,883,5284,4799
2020-03-03 17:00:00,0,NY,303,3481.0,0,345,880,5272,4942
2020-03-03 18:00:00,0,NY,365,3435.0,0,340,866,5275,4964
2020-03-03 19:00:00,0,NY,408,3475.0,0,340,872,5276,4956
2020-03-03 20:00:00,0,NY,552,3378.0,0,337,889,5274,4952
2020-03-03 21:00:00,0,NY,584,3363.0,0,337,900,5282,5244
2020-03-03 22:00:00,0,NY,653,3386.0,0,333,969,5275,5564
2020-03-03 23:00:00,0,NY,979,3080.0,0,333,1066,5288,6072
2020-03-04 00:00:00,0,NY,1033,3095.0,0,330,1072,5295,6202
2020-03-04 01:00:00,0,NY,1025,3327.0,0,334,1070,5291,5820
2020-03-04 02:00:00,0,NY,948,3490.0,0,329,1059,5261,5736
2020-03-04 03:00:00,0,NY,1030,3243.0,0,324,887,5218,5084
2020-03-04 04:00:00,0,NY,996,2824.0,0,322,812,5218,4014
2020-03-04 05:00:00,0,NY,1298,1773.0,0,332,830,5243,3359
2020-03-04 06:00:00,0,NY,1385,1538.0,0,330,868,5261,3329
2020-03-04 07:00:00,0,NY,1447,1567.0,0,330,871,5249,3271
2020-03-04 08:00:00,0,NY,1444,1582.0,0,329,880,5266,3246
2020-03-04 09:00:00,0,NY,1372,1710.0,0,329,889,5283,3259
2020-03-04 10:00:00,0,NY,1359,1652.0,0,332,891,5280,3318
2020-03-04 11:00:00,0,NY,1346,1879.0,0,333,910,5303,3656
2020-03-04 12:00:00,0,NY,1265,2517.0,0,479,991,5317,4681
2020-03-04 13:00:00,0,NY,1231,2776.0,0,625,1177,5313,4857
2020-03-04 14:00:00,0,NY,1191,2878.0,0,739,1128,5289,4761
2020-03-04 15:00:00,0,NY,1192,3153.0,0,744,1061,5259,4620
2020-03-04 16:00:00,0,NY,1158,3212.0,0,677,948,5253,4448
2020-03-04 17:00:00,0,NY,1241,3052.0,0,755,929,5220,4083
2020-03-04 18:00:00,0,NY,1500,3683.0,0,751,906,4173,4340
2020-03-04 19:00:00,0,NY,1431,3885.0,0,749,891,4061,4799
2020-03-04 20:00:00,0,NY,1233,3952.0,0,746,883,4065,5077
2020-03-04 21:00:00,0,NY,1085,3901.0,0,738,931,4070,5068
2020-03-04 22:00:00,0,NY,1038,3941.0,0,740,945,4074,5509
2020-03-04 23:00:00,0,NY,1100,3905.0,0,765,1007,4080,6014
2020-03-05 00:00:00,0,NY,1178,4117.0,0,742,1022,4092,6481
2020-03-05 01:00:00,0,NY,983,4110.0,0,779,1027,4099,6105
2020-03-05 02:00:00,0,NY,935,3968.0,0,719,1024,4092,5650
2020-03-05 03:00:00,0,NY,919,4022.0,0,469,960,4076,5070
2020-03-05 04:00:00,0,NY,941,3932.0,0,330,873,4071,3987
2020-03-05 05:00:00,0,NY,1061,3641.0,0,330,859,4062,3487
2020-03-05 06:00:00,0,NY,1071,3589.0,0,329,866,4062,3359
2020-03-05 07:00:00,0,NY,1023,3558.0,0,327,868,4049,3173
2020-03-05 08:00:00,0,NY,927,3550.0,0,328,874,4044,3143
2020-03-05 09:00:00,0,NY,821,3531.0,0,326,869,4036,3215
2020-03-05 10:00:00,0,NY,673,3638.0,0,330,876,4046,3470
2020-03-05 11:00:00,0,NY,600,3649.0,0,434,887,4066,4212
2020-03-05 12:00:00,0,NY,447,3882.0,0,709,933,4079,5340
2020-03-05 13:00:00,0,NY,383,3901.0,0,762,1037,4108,5735
2020-03-05 14:00:00,0,NY,420,3963.0,0,749,974,4121,5481
2020-03-05 15:00:00,0,NY,342,3985.0,0,754,912,4098,4985
2020-03-05 16:00:00,0,NY,243,3946.0,0,752,881,4072,4555
2020-03-05 17:00:00,0,NY,223,3877.0,0,751,864,4059,4627
2020-03-05 18:00:00,0,NY,181,3911.0,0,751,859,4056,4333
2020-03-05 19:00:00,0,NY,163,3932.0,0,751,795,4053,4321
2020-03-05 20:00:00,0,NY,152,4030.0,0,744,805,4058,4422
2020-03-05 21:00:00,0,NY,112,4042.0,0,732,842,4056,4967
2020-03-05 22:00:00,0,NY,79,4137.0,0,725,901,4074,5414
2020-03-05 23:00:00,0,NY,26,4143.0,0,759,1000,4101,5808
2020-03-06 00:00:00,0,NY,34,4149.0,0,770,1081,4116,6000
2020-03-06 01:00:00,0,NY,110,4170.0,0,745,1022,4119,5838
2020-03-06 02:00:00,0,NY,149,4145.0,0,715,976,4097,5442
2020-03-06 03:00:00,0,NY,151,3995.0,0,443,929,4074,5371
2020-03-06 04:00:00,0,NY,184,3889.0,0,326,877,4059,4825
2020-03-06 05:00:00,0,NY,262,3780.0,0,323,890,4050,4322
2020-03-06 06:00:00,0,NY,374,3225.0,0,327,869,4045,3262
2020-03-06 07:00:00,0,NY,425,3228.0,0,326,878,4040,3155
2020-03-06 08:00:00,0,NY,533,3173.0,0,329,880,4040,2970
2020-03-06 09:00:00,0,NY,496,3191.0,0,330,879,4051,3072
2020-03-06 10:00:00,0,NY,500,3243.0,0,329,872,4036,3327
2020-03-06 11:00:00,0,NY,621,3245.0,0,419,872,4066,4084
2020-03-06 12:00:00,0,NY,610,3735.0,0,695,905,4075,5085
2020-03-06 13:00:00,0,NY,526,3612.0,0,727,943,4080,5311
2020-03-06 14:00:00,0,NY,399,3595.0,0,696,903,4099,5229
2020-03-06 15:00:00,0,NY,353,3508.0,0,702,890,4097,5267
2020-03-06 16:00:00,0,NY,322,3597.0,0,715,883,4103,5176
2020-03-06 17:00:00,0,NY,314,3881.0,0,702,882,4112,5172
2020-03-06 18:00:00,0,NY,274,3960.0,0,684,897,4113,4923
2020-03-06 19:00:00,0,NY,274,3889.0,0,686,907,4108,5257
2020-03-06 20:00:00,0,NY,371,3894.0,0,685,906,4111,5121
2020-03-06 21:00:00,0,NY,386,3995.0,0,676,883,4091,4905
2020-03-06 22:00:00,0,NY,501,3729.0,0,638,914,4094,5180
2020-03-06 23:00:00,0,NY,666,3831.0,0,677,953,4105,5434
2020-03-07 00:00:00,0,NY,803,4069.0,0,691,974,4113,6124
2020-03-07 01:00:00,0,NY,845,3993.0,0,726,1032,4110,5985
2020-03-07 02:00:00,0,NY,853,3948.0,0,709,980,4105,5692
2020-03-07 03:00:00,0,NY,865,3890.0,0,475,912,4095,5012
2020-03-07 04:00:00,0,NY,801,3843.0,0,309,862,4084,4246
2020-03-07 05:00:00,0,NY,730,3729.0,0,309,858,4077,3587
2020-03-07 06:00:00,0,NY,725,3313.0,0,311,863,4063,3236
2020-03-07 07:00:00,0,NY,727,3188.0,0,310,854,4054,3187
2020-03-07 08:00:00,0,NY,673,3248.0,0,315,852,4057,3160
2020-03-07 09:00:00,0,NY,605,3284.0,0,317,855,4050,3104
2020-03-07 10:00:00,0,NY,498,3288.0,0,319,866,4062,3197
2020-03-07 11:00:00,0,NY,406,3369.0,0,417,883,4077,3210
2020-03-07 12:00:00,0,NY,388,3657.0,0,671,914,4068,3599
2020-03-07 13:00:00,0,NY,307,3682.0,0,690,938,4083,3972
2020-03-07 14:00:00,0,NY,192,3727.0,0,695,938,4081,3920
2020-03-07 15:00:00,0,NY,181,3713.0,0,703,941,4070,4123
2020-03-07 16:00:00,0,NY,240,3778.0,0,710,924,4057,4065
2020-03-07 17:00:00,0,NY,247,3708.0,0,712,955,4056,3661
2020-03-07 18:00:00,0,NY,269,3653.0,0,714,928,4063,3485
2020-03-07 19:00:00,0,NY,324,3654.0,0,713,903,4062,3553
2020-03-07 20:00:00,0,NY,376,3746.0,0,711,887,4061,3677
2020-03-07 21:00:00,0,NY,366,3809.0,0,704,905,4058,3693
2020-03-07 22:00:00,0,NY,418,3819.0,0,692,919,4056,3950
2020-03-07 23:00:00,0,NY,386,3850.0,0,687,1017,4079,4526
2020-03-08 00:00:00,0,NY,430,3927.0,0,689,1033,4099,4952
2020-03-08 01:00:00,0,NY,656,4053.0,0,708,1052,4087,4778
2020-03-08 02:00:00,0,NY,874,3852.0,0,710,995,4084,4727
2020-03-08 03:00:00,0,NY,939,3756.0,0,499,986,4077,4737
2020-03-08 04:00:00,0,NY,1054,3665.0,0,314,931,4076,4060
2020-03-08 05:00:00,0,NY,1081,3572.0,0,313,894,4058,3547
2020-03-08 06:00:00,0,NY,1195,2917.0,0,316,905,4064,3449
2020-03-08 07:00:00,0,NY,1299,2782.0,0,315,869,4063,3181
2020-03-08 08:00:00,0,NY,1346,2897.0,0,315,887,4062,3184
2020-03-08 09:00:00,0,NY,1279,2782.0,0,316,892,4063,3186
2020-03-08 10:00:00,0,NY,1245,2743.0,0,327,898,4062,3214
2020-03-08 11:00:00,0,NY,1137,2999.0,0,502,913,4065,3456
2020-03-08 12:00:00,0,NY,1071,3276.0,0,608,914,4067,3719
2020-03-08 13:00:00,0,NY,1008,3482.0,0,617,890,4057,3910
2020-03-08 14:00:00,0,NY,920,3353.0,0,628,887,4050,4020
2020-03-08 15:00:00,0,NY,826,3272.0,0,632,921,4041,3882
2020-03-08 16:00:00,0,NY,689,3306.0,0,644,928,4044,3875
2020-03-08 17:00:00,0,NY,594,3147.0,0,637,895,4034,3809
2020-03-08 18:00:00,0,NY,588,3164.0,0,638,920,4035,3854
2020-03-08 19:00:00,0,NY,558,3155.0,0,637,888,4034,3832
2020-03-08 20:00:00,0,NY,529,3002.0,0,629,839,4036,3814
2020-03-08 21:00:00,0,NY,446,3102.0,0,629,840,4041,3844
2020-03-08 22:00:00,0,NY,413,3242.0,0,623,883,4057,4292
2020-03-08 23:00:00,0,NY,406,3271.0,0,610,943,4065,4559
2020-03-09 00:00:00,0,NY,670,3056.0,0,613,1004,4080,4897
2020-03-09 01:00:00,0,NY,981,3290.0,0,557,1029,4076,4890
2020-03-09 02:00:00,0,NY,1243,3536.0,0,360,974,4070,4486
2020-03-09 03:00:00,0,NY,1404,3246.0,0,338,911,4059,4044
2020-03-09 04:00:00,0,NY,1527,2866.0,0,338,788,4059,3366
2020-03-09 05:00:00,0,NY,1482,2570.0,0,337,739,4056,3171
2020-03-09 06:00:00,0,NY,1483,2504.0,0,335,760,4054,3190
2020-03-09 07:00:00,0,NY,1510,2645.0,0,240,769,4062,3151
2020-03-09 08:00:00,0,NY,1499,2576.0,0,194,751,4061,3199
2020-03-09 09:00:00,0,NY,1507,2590.0,0,276,739,4071,3249
2020-03-09 10:00:00,0,NY,1460,2749.0,0,328,809,4074,3567
2020-03-09 11:00:00,0,NY,1384,3144.0,0,579,908,4072,4487
2020-03-09 12:00:00,0,NY,1327,3469.0,0,684,959,4070,5299
2020-03-09 13:00:00,0,NY,1252,3385.0,0,597,1013,4067,5448
2020-03-09 14:00:00,0,NY,1180,3513.0,0,607,912,4063,5242
2020-03-09 15:00:00,0,NY,1159,3701.0,0,639,886,4045,4660
2020-03-09 16:00:00,0,NY,1147,3651.0,0,715,818,4037,4313
2020-03-09 17:00:00,0,NY,1071,3501.0,0,689,725,4034,4056
2020-03-09 18:00:00,0,NY,954,3572.0,0,632,739,4032,4174
2020-03-09 19:00:00,0,NY,871,3371.0,0,714,774,4032,4280
2020-03-09 20:00:00,0,NY,850,3191.0,0,711,810,4044,4319
2020-03-09 21:00:00,0,NY,832,3114.0,0,711,836,4052,4580
2020-03-09 22:00:00,0,NY,685,3135.0,0,703,909,4060,5266
2020-03-09 23:00:00,0,NY,627,3019.0,0,667,967,4071,5684
2020-03-10 00:00:00,0,NY,594,3495.0,0,588,974,4068,5764
2020-03-10 01:00:00,0,NY,781,3477.0,0,569,992,4081,5571
2020-03-10 02:00:00,0,NY,849,3687.0,0,353,952,4071,4925
2020-03-10 03:00:00,0,NY,989,3726.0,0,330,897,4055,3950
2020-03-10 04:00:00,0,NY,955,3642.0,0,327,777,4040,3119
2020-03-10 05:00:00,0,NY,794,3232.0,0,329,777,4036,2861
2020-03-10 06:00:00,0,NY,966,2772.0,0,329,705,4039,2694
2020-03-10 07:00:00,0,NY,939,2859.0,0,327,665,4033,2720
2020-03-10 08:00:00,0,NY,928,2898.0,0,329,661,4033,2725
2020-03-10 09:00:00,0,NY,1206,2657.0,0,329,662,4036,2818
2020-03-10 10:00:00,0,NY,1213,2931.0,0,329,709,4034,3252
2020-03-10 11:00:00,0,NY,1185,3201.0,0,523,919,4032,4248
2020-03-10 12:00:00,0,NY,1365,3122.0,0,693,965,4052,5200
2020-03-10 13:00:00,0,NY,1348,3357.0,0,697,951,4054,5200
2020-03-10 14:00:00,0,NY,1355,3778.0,0,597,935,4054,5301
2020-03-10 15:00:00,0,NY,1378,3932.0,0,602,896,4055,5047
2020-03-10 16:00:00,0,NY,1330,3993.0,0,563,873,4053,5123
2020-03-10 17:00:00,0,NY,1317,3940.0,0,513,847,4055,4927
2020-03-10 18:00:00,0,NY,1270,3865.0,0,505,838,4048,4836
2020-03-10 19:00:00,0,NY,1325,3664.0,0,588,835,4035,4720
2020-03-10 20:00:00,0,NY,1258,3780.0,0,669,840,4049,4795
2020-03-10 21:00:00,0,NY,1164,3645.0,0,694,867,4046,5186
2020-03-10 22:00:00,0,NY,1041,3732.0,0,694,872,4042,5439
2020-03-10 23:00:00,0,NY,1002,3684.0,0,693,913,4054,5914
2020-03-11 00:00:00,0,NY,1030,3711.0,0,699,925,4079,6123
2020-03-11 01:00:00,0,NY,1065,3735.0,0,680,931,4091,5885
2020-03-11 02:00:00,0,NY,1074,3795.0,0,405,930,4074,5430
2020-03-11 03:00:00,0,NY,925,3896.0,0,329,862,4066,4839
2020-03-11 04:00:00,0,NY,800,3827.0,0,329,838,4047,4082
2020-03-11 05:00:00,0,NY,776,3380.0,0,327,849,4030,3343
2020-03-11 06:00:00,0,NY,676,3272.0,0,328,832,4035,3236
2020-03-11 07:00:00,0,NY,570,3275.0,0,331,832,4042,3277
2020-03-11 08:00:00,0,NY,459,3353.0,0,334,745,4042,3244
2020-03-11 09:00:00,0,NY,424,3369.0,0,336,849,4044,3409
2020-03-11 10:00:00,0,NY,281,3471.0,0,408,875,4065,3755
2020-03-11 11:00:00,0,NY,188,3784.0,0,674,957,4050,4751
2020-03-11 12:00:00,0,NY,112,3938.0,0,702,1008,4064,5628
2020-03-11 13:00:00,0,NY,109,3807.0,0,711,976,4072,5993
2020-03-11 14:00:00,0,NY,95,3795.0,0,665,966,4074,6094
2020-03-11 15:00:00,0,NY,91,3783.0,0,690,961,4071,5709
2020-03-11 16:00:00,0,NY,103,3711.0,0,706,876,4064,5528
2020-03-11 17:00:00,0,NY,80,3796.0,0,698,842,4066,5408
2020-03-11 18:00:00,0,NY,133,3807.0,0,699,836,4061,5675
2020-03-11 19:00:00,0,NY,73,3837.0,0,707,976,4061,5761
2020-03-11 20:00:00,0,NY,43,3831.0,0,658,920,4064,5601
2020-03-11 21:00:00,0,NY,56,3780.0,0,697,934,4057,5521
2020-03-11 22:00:00,0,NY,31,3955.0,0,673,960,4066,5841
2020-03-11 23:00:00,0,NY,25,3934.0,0,691,1015,4068,6152
2020-03-12 00:00:00,0,NY,35,4029.0,0,711,1019,4086,6556
2020-03-12 01:00:00,0,NY,68,3950.0,0,698,979,4095,6040
2020-03-12 02:00:00,0,NY,100,3926.0,0,434,959,4076,5261
2020-03-12 03:00:00,0,NY,99,3818.0,0,336,889,4074,4446
2020-03-12 04:00:00,0,NY,117,3702.0,0,338,866,4069,3799
2020-03-12 05:00:00,0,NY,144,3311.0,0,341,869,4068,3295
2020-03-12 06:00:00,0,NY,142,3264.0,0,340,885,4044,2997
2020-03-12 07:00:00,0,NY,172,3158.0,0,341,867,4051,2899
2020-03-12 08:00:00,0,NY,234,3151.0,0,340,866,4054,2933
2020-03-12 09:00:00,0,NY,304,3207.0,0,346,872,4072,3072
2020-03-12 10:00:00,0,NY,285,3360.0,0,418,873,4077,3836
2020-03-12 11:00:00,0,NY,288,3740.0,0,607,883,4059,4726
2020-03-12 12:00:00,0,NY,319,3889.0,0,607,1016,4016,5594
2020-03-12 13:00:00,0,NY,203,3645.0,0,681,1173,3914,5682
2020-03-12 14:00:00,0,NY,130,3631.0,0,691,1223,3920,5996
2020-03-12 15:00:00,0,NY,57,3751.0,0,684,1251,3919,6000
2020-03-12 16:00:00,0,NY,36,3726.0,0,685,1245,3910,6142
2020-03-12 17:00:00,0,NY,49,3730.0,0,685,1183,3902,5767
2020-03-12 18:00:00,0,NY,67,3800.0,0,682,1147,3897,5617
2020-03-12 19:00:00,0,NY,108,3753.0,0,678,1165,3884,5105
2020-03-12 20:00:00,0,NY,147,3646.0,0,680,1147,3889,5087
2020-03-12 21:00:00,0,NY,177,3717.0,0,683,1100,3915,5106
2020-03-12 22:00:00,0,NY,216,3750.0,0,683,1161,3920,5348
2020-03-12 23:00:00,0,NY,356,3838.0,0,682,1158,3929,5521
2020-03-13 00:00:00,0,NY,609,3672.0,0,686,1194,3954,5451
2020-03-13 01:00:00,0,NY,856,4068.0,0,687,1180,3969,5089
2020-03-13 02:00:00,0,NY,985,3827.0,0,463,1167,3939,5050
2020-03-13 03:00:00,0,NY,1150,3476.0,0,332,1048,3962,4612
2020-03-13 04:00:00,0,NY,1338,2953.0,0,336,387,4072,3639
2020-03-13 05:00:00,0,NY,1226,2525.0,0,582,0,4051,3084
2020-03-13 06:00:00,0,NY,1350,2763.0,0,582,0,4057,2895
2020-03-13 07:00:00,0,NY,1520,2611.0,0,580,0,4060,2859
2020-03-13 08:00:00,0,NY,1460,2425.0,0,580,0,4042,2984
2020-03-13 09:00:00,0,NY,1449,2239.0,0,585,0,4041,3121
2020-03-13 10:00:00,0,NY,1423,2398.0,0,712,0,4052,3447
2020-03-13 11:00:00,0,NY,1419,2940.0,0,1081,0,4045,4148
2020-03-13 12:00:00,0,NY,1365,3202.0,0,677,731,4056,4754
2020-03-13 13:00:00,0,NY,1457,3182.0,0,701,861,4057,4895
2020-03-13 14:00:00,0,NY,1463,3426.0,0,640,947,4059,5064
2020-03-13 15:00:00,0,NY,1313,3279.0,0,635,984,4069,5186
2020-03-13 16:00:00,0,NY,1189,3560.0,0,596,992,4066,4952
2020-03-13 17:00:00,0,NY,1171,3600.0,0,536,924,4056,4799
2020-03-13 18:00:00,0,NY,1199,3409.0,0,537,877,4052,4681
2020-03-13 19:00:00,0,NY,1185,3450.0,0,532,849,4049,4405
2020-03-13 20:00:00,0,NY,1168,3674.0,0,483,831,4041,4008
2020-03-13 21:00:00,0,NY,1379,3889.0,0,419,831,4049,3990
2020-03-13 22:00:00,0,NY,1547,3748.0,0,445,906,4050,4241
2020-03-13 23:00:00,0,NY,1526,3627.0,0,439,916,4051,4714
2020-03-14 00:00:00,0,NY,1594,3735.0,0,436,959,4054,4940
2020-03-14 01:00:00,0,NY,1550,3799.0,0,373,956,4049,4561
2020-03-14 02:00:00,0,NY,1530,3782.0,0,327,942,4039,4182
2020-03-14 03:00:00,0,NY,1453,3578.0,0,319,847,4041,3621
2020-03-14 04:00:00,0,NY,1522,3435.0,0,259,422,4026,3074
2020-03-14 05:00:00,0,NY,1546,3405.0,0,438,0,4011,2510
2020-03-14 06:00:00,0,NY,1500,3188.0,0,433,0,3997,2176
2020-03-14 07:00:00,0,NY,1512,3123.0,0,433,0,4000,2167
2020-03-14 08:00:00,0,NY,1489,3047.0,0,456,0,3999,2155
2020-03-14 09:00:00,0,NY,1458,2822.0,0,595,0,4008,2196
2020-03-14 10:00:00,0,NY,1404,3106.0,0,654,0,4017,2345
2020-03-14 11:00:00,0,NY,1345,3651.0,0,734,0,4014,2862
2020-03-14 12:00:00,0,NY,1192,3893.0,0,786,0,4027,3282
2020-03-14 13:00:00,0,NY,1100,3991.0,0,778,0,4032,3532
2020-03-14 14:00:00,0,NY,1079,4051.0,0,817,0,4032,3584
2020-03-14 15:00:00,0,NY,906,4103.0,0,817,0,4022,3626
2020-03-14 16:00:00,0,NY,866,4128.0,0,793,0,4027,3512
2020-03-14 17:00:00,0,NY,770,4049.0,0,801,0,4035,3562
2020-03-14 18:00:00,0,NY,718,4021.0,0,784,0,4029,3431
2020-03-14 19:00:00,0,NY,749,4054.0,0,781,0,4022,3465
2020-03-14 20:00:00,0,NY,840,4002.0,0,778,0,4023,3545
2020-03-14 21:00:00,0,NY,900,3952.0,0,768,0,4023,3844
2020-03-14 22:00:00,0,NY,857,3980.0,0,783,0,4025,4338
2020-03-14 23:00:00,0,NY,727,3980.0,0,834,0,4033,4764
2020-03-15 00:00:00,0,NY,588,4066.0,0,854,0,4036,5038
2020-03-15 01:00:00,0,NY,502,4121.0,0,845,0,4039,4788
2020-03-15 02:00:00,0,NY,365,3955.0,0,801,0,4029,4618
2020-03-15 03:00:00,0,NY,229,3884.0,0,761,0,4022,4185
2020-03-15 04:00:00,0,NY,175,3747.0,0,746,0,4012,3382
2020-03-15 05:00:00,0,NY,154,3286.0,0,541,0,4004,2937
2020-03-15 06:00:00,0,NY,166,3236.0,0,500,0,4022,2790
2020-03-15 07:00:00,0,NY,207,3243.0,0,500,0,4027,2780
2020-03-15 08:00:00,0,NY,217,3170.0,0,588,0,4022,2706
2020-03-15 09:00:00,0,NY,237,3131.0,0,719,0,4034,2690
2020-03-15 10:00:00,0,NY,217,3223.0,0,725,0,4027,2733
2020-03-15 11:00:00,0,NY,193,3620.0,0,810,0,4029,2861
2020-03-15 12:00:00,0,NY,214,3753.0,0,824,0,4022,3099
2020-03-15 13:00:00,0,NY,219,3780.0,0,192,662,4010,3306
2020-03-15 14:00:00,0,NY,133,3815.0,0,197,781,4008,3453
2020-03-15 15:00:00,0,NY,69,3942.0,0,207,785,4012,3367
2020-03-15 16:00:00,0,NY,63,3970.0,0,219,781,4011,3233
2020-03-15 17:00:00,0,NY,123,3836.0,0,220,794,4019,3379
2020-03-15 18:00:00,0,NY,197,3656.0,0,221,775,4010,3343
2020-03-15 19:00:00,0,NY,235,3735.0,0,218,798,4005,3443
2020-03-15 20:00:00,0,NY,259,3426.0,0,213,703,4009,3472
2020-03-15 21:00:00,0,NY,275,3666.0,0,209,779,4015,3912
2020-03-15 22:00:00,0,NY,290,3801.0,0,202,805,4013,4475
2020-03-15 23:00:00,0,NY,261,3870.0,0,193,808,4017,4882
2020-03-16 00:00:00,0,NY,225,3974.0,0,194,863,4049,5040
2020-03-16 01:00:00,0,NY,203,4055.0,0,194,897,4058,5218
2020-03-16 02:00:00,0,NY,184,4017.0,0,194,857,4048,5044
2020-03-16 03:00:00,0,NY,200,3984.0,0,184,837,4034,4711
2020-03-16 04:00:00,0,NY,210,3916.0,0,170,692,4032,3633
2020-03-16 05:00:00,0,NY,211,3441.0,0,171,668,4047,3123
2020-03-16 06:00:00,0,NY,287,3230.0,0,174,701,4028,2907
2020-03-16 07:00:00,0,NY,323,3168.0,0,171,693,4022,2843
2020-03-16 08:00:00,0,NY,297,3195.0,0,813,0,4022,2920
2020-03-16 09:00:00,0,NY,315,3149.0,0,816,0,4030,3255
2020-03-16 10:00:00,0,NY,364,3504.0,0,815,0,4028,3788
2020-03-16 11:00:00,0,NY,428,3905.0,0,844,0,4039,5460
2020-03-16 12:00:00,0,NY,485,4356.0,0,887,0,4070,6224
2020-03-16 13:00:00,0,NY,398,4387.0,0,906,0,4091,5980
2020-03-16 14:00:00,0,NY,246,3923.0,0,916,0,3944,5651
2020-03-16 15:00:00,0,NY,206,3892.0,0,910,0,3914,5363
2020-03-16 16:00:00,0,NY,205,3841.0,0,188,657,3880,4926
2020-03-16 17:00:00,0,NY,209,3743.0,0,188,784,3898,4928
2020-03-16 18:00:00,0,NY,187,3614.0,0,186,795,3835,5205
2020-03-16 19:00:00,0,NY,274,3641.0,0,184,821,3809,5380
2020-03-16 20:00:00,0,NY,329,3523.0,0,179,819,3811,5602
2020-03-16 21:00:00,0,NY,342,3678.0,0,181,817,3804,5868
2020-03-16 22:00:00,0,NY,377,3771.0,0,174,835,3748,6328
2020-03-16 23:00:00,0,NY,505,3693.0,0,172,940,3718,6559
2020-03-17 00:00:00,0,NY,736,3910.0,0,169,957,3730,6731
2020-03-17 01:00:00,0,NY,786,3944.0,0,171,945,3730,6344
2020-03-17 02:00:00,0,NY,970,3843.0,0,170,939,3789,5919
2020-03-17 03:00:00,0,NY,1044,3850.0,0,169,846,3879,4774
2020-03-17 04:00:00,0,NY,1088,3771.0,0,169,691,3887,4225
2020-03-17 05:00:00,0,NY,1181,3375.0,0,801,0,3918,3246
2020-03-17 06:00:00,0,NY,1171,3215.0,0,794,0,3966,2906
2020-03-17 07:00:00,0,NY,1089,3232.0,0,789,0,4018,2951
2020-03-17 08:00:00,0,NY,1060,3131.0,0,777,0,4014,2877
2020-03-17 09:00:00,0,NY,989,3231.0,0,776,0,4011,3132
2020-03-17 10:00:00,0,NY,1019,3169.0,0,774,0,4036,3612
2020-03-17 11:00:00,0,NY,1008,3638.0,0,749,0,4036,4359
2020-03-17 12:00:00,0,NY,1050,3831.0,0,157,664,4047,5914
2020-03-17 13:00:00,0,NY,1057,3860.0,0,156,713,4059,6119
2020-03-17 14:00:00,0,NY,1097,3739.0,0,160,706,4065,6408
2020-03-17 15:00:00,0,NY,1098,3753.0,0,162,762,4050,6707
2020-03-17 16:00:00,0,NY,1087,3748.0,0,165,747,4049,6519
2020-03-17 17:00:00,0,NY,1066,3801.0,0,165,692,4048,6306
2020-03-17 18:00:00,0,NY,1311,3924.0,0,789,0,4048,5900
2020-03-17 19:00:00,0,NY,1428,3880.0,0,790,0,4032,5347
2020-03-17 20:00:00,0,NY,1437,3781.0,0,784,0,4028,5230
2020-03-17 21:00:00,0,NY,1402,3882.0,0,806,0,4030,5485
2020-03-17 22:00:00,0,NY,1310,3851.0,0,164,671,4036,5823
2020-03-17 23:00:00,0,NY,1171,3919.0,0,165,682,4046,5860
2020-03-18 00:00:00,0,NY,1134,3883.0,0,837,0,4064,5884
2020-03-18 01:00:00,0,NY,1093,3906.0,0,833,0,4059,5745
2020-03-18 02:00:00,0,NY,1039,3857.0,0,163,769,4052,5445
2020-03-18 03:00:00,0,NY,918,3833.0,0,167,868,4044,4681
2020-03-18 04:00:00,0,NY,872,3738.0,0,169,761,4028,3752
2020-03-18 05:00:00,0,NY,792,3000.0,0,776,0,3960,3475
2020-03-18 06:00:00,0,NY,686,2922.0,0,776,0,3956,3312
2020-03-18 07:00:00,0,NY,540,2946.0,0,778,0,3961,3362
2020-03-18 08:00:00,0,NY,415,2902.0,0,162,729,3964,3304
2020-03-18 09:00:00,0,NY,252,2902.0,0,163,785,3977,3450
2020-03-18 10:00:00,0,NY,185,2906.0,0,166,831,4094,4021
2020-03-18 11:00:00,0,NY,71,3472.0,0,168,834,4095,4770
2020-03-18 12:00:00,0,NY,32,3868.0,0,176,889,4106,5362
2020-03-18 13:00:00,0,NY,21,3831.0,0,185,906,4110,5917
2020-03-18 14:00:00,0,NY,5,3855.0,0,192,859,4079,5151
2020-03-18 15:00:00,0,NY,0,3875.0,0,193,791,4082,4768
2020-03-18 16:00:00,0,NY,1,3816.0,0,198,784,4074,4729
2020-03-18 17:00:00,0,NY,14,3903.0,0,198,852,4071,4881
2020-03-18 18:00:00,0,NY,70,3896.0,0,196,886,4068,5024
2020-03-18 19:00:00,0,NY,139,3882.0,0,190,864,4052,4850
2020-03-18 20:00:00,0,NY,135,3883.0,0,193,857,4052,4910
2020-03-18 21:00:00,0,NY,141,3913.0,0,175,862,4060,5407
2020-03-18 22:00:00,0,NY,188,3877.0,0,166,863,4066,5754
2020-03-18 23:00:00,0,NY,165,3867.0,0,159,898,4065,6011
2020-03-19 00:00:00,0,NY,263,3833.0,0,156,939,4080,6523
2020-03-19 01:00:00,0,NY,326,3870.0,0,156,939,4068,6174
2020-03-19 02:00:00,0,NY,412,3801.0,0,160,891,4055,5344
2020-03-19 03:00:00,0,NY,575,3788.0,0,163,890,4063,4342
2020-03-19 04:00:00,0,NY,596,3680.0,0,164,876,4016,3512
2020-03-19 05:00:00,0,NY,547,2933.0,0,159,861,3935,3242
2020-03-19 06:00:00,0,NY,594,2825.0,0,162,853,3926,3067
2020-03-19 07:00:00,0,NY,485,2882.0,0,163,854,3933,3053
2020-03-19 08:00:00,0,NY,266,2824.0,0,165,846,3935,2946
2020-03-19 09:00:00,0,NY,247,2881.0,0,166,853,3940,3009
2020-03-19 10:00:00,0,NY,255,2869.0,0,171,841,3965,3383
2020-03-19 11:00:00,0,NY,205,3339.0,0,171,840,4052,4384
2020-03-19 12:00:00,0,NY,270,3804.0,0,173,940,4050,5222
2020-03-19 13:00:00,0,NY,261,3836.0,0,178,1026,4058,5852
2020-03-19 14:00:00,0,NY,173,3733.0,0,182,1141,4076,6298
2020-03-19 15:00:00,0,NY,149,3723.0,0,189,1359,4084,6094
2020-03-19 16:00:00,0,NY,144,3716.0,0,184,1440,4078,6099
2020-03-19 17:00:00,0,NY,110,3741.0,0,186,1485,4074,6116
2020-03-19 18:00:00,0,NY,96,3754.0,0,189,1585,4075,6007
2020-03-19 19:00:00,0,NY,90,3714.0,0,188,1671,4066,5491
2020-03-19 20:00:00,0,NY,103,3701.0,0,183,1689,4061,5181
2020-03-19 21:00:00,0,NY,81,3695.0,0,184,1688,4031,5544
2020-03-19 22:00:00,0,NY,102,3751.0,0,179,1683,4052,5797
2020-03-19 23:00:00,0,NY,134,3690.0,0,177,1692,4082,5678
2020-03-20 00:00:00,0,NY,192,3677.0,0,178,1687,4082,5764
2020-03-20 01:00:00,0,NY,358,3521.0,0,173,1606,4053,5215
2020-03-20 02:00:00,0,NY,513,3631.0,0,177,1408,4029,4616
2020-03-20 03:00:00,0,NY,662,3635.0,0,176,1174,4040,3998
2020-03-20 04:00:00,0,NY,765,3432.0,0,175,1025,4020,2908
2020-03-20 05:00:00,0,NY,925,2868.0,0,174,923,3915,2528
2020-03-20 06:00:00,0,NY,1051,2790.0,0,179,807,3903,2454
2020-03-20 07:00:00,0,NY,1123,2433.0,0,172,742,3893,2474
2020-03-20 08:00:00,0,NY,1085,2388.0,0,169,782,3887,2442
2020-03-20 09:00:00,0,NY,1091,2332.0,0,171,829,3922,2619
2020-03-20 10:00:00,0,NY,1413,2441.0,0,175,808,3937,2973
2020-03-20 11:00:00,0,NY,1638,2825.0,0,181,720,4039,3638
2020-03-20 12:00:00,0,NY,1696,3291.0,0,178,658,4031,4114
2020-03-20 13:00:00,0,NY,1663,3551.0,0,179,778,4022,4304
2020-03-20 14:00:00,0,NY,1622,3802.0,0,180,923,4008,4445
2020-03-20 15:00:00,0,NY,1568,3624.0,0,184,933,4012,4676
2020-03-20 16:00:00,0,NY,1641,3728.0,0,179,859,4019,5049
2020-03-20 17:00:00,0,NY,1646,3773.0,0,182,830,4015,4751
2020-03-20 18:00:00,0,NY,1577,3817.0,0,186,828,4009,4495
2020-03-20 19:00:00,0,NY,1461,3760.0,0,175,875,3996,4163
2020-03-20 20:00:00,0,NY,1412,3667.0,0,177,847,3984,4000
2020-03-20 21:00:00,0,NY,1555,3276.0,0,184,691,3989,4015
2020-03-20 22:00:00,0,NY,1566,3455.0,0,179,730,3982,4149
2020-03-20 23:00:00,0,NY,1661,3511.0,0,173,811,3985,4300
2020-03-21 00:00:00,0,NY,1657,3620.0,0,172,893,3997,4625
2020-03-21 01:00:00,0,NY,1612,3615.0,0,171,859,3992,4648
2020-03-21 02:00:00,0,NY,1592,3586.0,0,167,812,3990,3740
2020-03-21 03:00:00,0,NY,1519,3392.0,0,172,689,3978,3412
2020-03-21 04:00:00,0,NY,1455,3322.0,0,175,574,3978,3192
2020-03-21 05:00:00,0,NY,1257,3080.0,0,174,338,3993,2824
2020-03-21 06:00:00,0,NY,1140,3057.0,0,458,0,3988,2767
2020-03-21 07:00:00,0,NY,991,3030.0,0,469,0,3985,2802
2020-03-21 08:00:00,0,NY,908,3010.0,0,423,0,3985,2725
2020-03-21 09:00:00,0,NY,687,2962.0,0,463,0,3896,2759
2020-03-21 10:00:00,0,NY,536,3082.0,0,482,0,4022,3072
2020-03-21 11:00:00,0,NY,434,3320.0,0,478,0,4004,3225
2020-03-21 12:00:00,0,NY,415,3477.0,0,484,0,4019,3645
2020-03-21 13:00:00,0,NY,402,3511.0,0,493,0,4032,3917
2020-03-21 14:00:00,0,NY,327,3562.0,0,500,0,4028,4129
2020-03-21 15:00:00,0,NY,214,3609.0,0,515,0,4027,4205
2020-03-21 16:00:00,0,NY,152,3630.0,0,518,0,4017,4258
2020-03-21 17:00:00,0,NY,136,3550.0,0,495,0,4014,4076
2020-03-21 18:00:00,0,NY,162,3438.0,0,584,0,4004,3834
2020-03-21 19:00:00,0,NY,206,3476.0,0,589,0,4002,3870
2020-03-21 20:00:00,0,NY,233,3102.0,0,585,0,4009,3911
2020-03-21 21:00:00,0,NY,259,3247.0,0,674,0,4015,4147
2020-03-21 22:00:00,0,NY,239,3549.0,0,715,0,4016,4571
2020-03-21 23:00:00,0,NY,217,3664.0,0,807,0,4025,5164
2020-03-22 00:00:00,0,NY,230,3710.0,0,833,0,4035,5344
2020-03-22 01:00:00,0,NY,237,3667.0,0,792,0,4047,5687
2020-03-22 02:00:00,0,NY,236,3712.0,0,789,0,4035,5431
2020-03-22 03:00:00,0,NY,192,3738.0,0,768,0,4028,5201
2020-03-22 04:00:00,0,NY,171,3579.0,0,552,0,4015,4779
2020-03-22 05:00:00,0,NY,170,3154.0,0,488,0,4023,3594
2020-03-22 06:00:00,0,NY,147,3048.0,0,486,0,4013,3443
2020-03-22 07:00:00,0,NY,160,3026.0,0,470,0,4015,3428
2020-03-22 08:00:00,0,NY,190,3050.0,0,535,0,4009,3265
2020-03-22 09:00:00,0,NY,214,3053.0,0,610,0,4017,3176
2020-03-22 10:00:00,0,NY,224,3064.0,0,529,0,4017,3325
2020-03-22 11:00:00,0,NY,222,3402.0,0,529,0,4004,3707
2020-03-22 12:00:00,0,NY,232,3619.0,0,665,0,3997,3793
2020-03-22 13:00:00,0,NY,234,3629.0,0,808,0,3994,3940
2020-03-22 14:00:00,0,NY,282,3643.0,0,814,0,3992,3820
2020-03-22 15:00:00,0,NY,183,3599.0,0,822,0,3998,3925
2020-03-22 16:00:00,0,NY,77,3633.0,0,823,0,3980,3581
2020-03-22 17:00:00,0,NY,82,3603.0,0,179,635,3979,3394
2020-03-22 18:00:00,0,NY,75,3558.0,0,178,622,3976,3062
2020-03-22 19:00:00,0,NY,98,3570.0,0,177,621,3979,3146
2020-03-22 20:00:00,0,NY,131,3568.0,0,180,663,3981,3133
2020-03-22 21:00:00,0,NY,176,3559.0,0,181,706,3978,3706
2020-03-22 22:00:00,0,NY,195,3641.0,0,178,884,3981,4351
2020-03-22 23:00:00,0,NY,219,3656.0,0,175,951,3987,5138
2020-03-23 00:00:00,0,NY,337,3651.0,0,178,1045,4022,5593
2020-03-23 01:00:00,0,NY,471,3622.0,0,180,1055,4034,5831
2020-03-23 02:00:00,0,NY,635,3631.0,0,179,993,4024,5280
2020-03-23 03:00:00,0,NY,710,3631.0,0,178,941,4010,4972
2020-03-23 04:00:00,0,NY,859,3253.0,0,164,892,3999,4228
2020-03-23 05:00:00,0,NY,918,3303.0,0,160,894,3996,3263
2020-03-23 06:00:00,0,NY,949,3228.0,0,159,887,3982,3137
2020-03-23 07:00:00,0,NY,870,3250.0,0,156,889,3990,3185
2020-03-23 08:00:00,0,NY,994,3190.0,0,157,888,3985,3132
2020-03-23 09:00:00,0,NY,1219,3174.0,0,157,892,4003,3127
2020-03-23 10:00:00,0,NY,1354,3207.0,0,158,900,4010,3588
2020-03-23 11:00:00,0,NY,1354,3616.0,0,161,892,4020,4406
2020-03-23 12:00:00,0,NY,1412,3965.0,0,161,887,4018,5278
2020-03-23 13:00:00,0,NY,1395,3975.0,0,162,898,4018,5622
2020-03-23 14:00:00,0,NY,1259,4025.0,0,164,1009,4021,5729
2020-03-23 15:00:00,0,NY,1058,4031.0,0,164,1035,4013,5780
2020-03-23 16:00:00,0,NY,894,4026.0,0,166,1033,4012,6140
2020-03-23 17:00:00,0,NY,816,4019.0,0,163,1054,4015,6294
2020-03-23 18:00:00,0,NY,737,3993.0,0,160,1015,4023,5694
2020-03-23 19:00:00,0,NY,613,3972.0,0,164,991,4025,5523
2020-03-23 20:00:00,0,NY,550,4137.0,0,162,978,4025,5410
2020-03-23 21:00:00,0,NY,480,4128.0,0,165,971,4026,5568
2020-03-23 22:00:00,0,NY,447,4089.0,0,167,965,4040,5879
2020-03-23 23:00:00,0,NY,370,4042.0,0,165,1021,4032,5910
2020-03-24 00:00:00,0,NY,317,4136.0,0,163,1004,4033,5871
2020-03-24 01:00:00,0,NY,263,3980.0,0,161,974,4034,5752
2020-03-24 02:00:00,0,NY,228,4040.0,0,159,955,4023,5599
2020-03-24 03:00:00,0,NY,190,3916.0,0,151,898,4014,5013
2020-03-24 04:00:00,0,NY,141,3941.0,0,138,898,3995,4260
2020-03-24 05:00:00,0,NY,102,3483.0,0,137,902,3999,3147
2020-03-24 06:00:00,0,NY,108,3213.0,0,137,903,4009,3072
2020-03-24 07:00:00,0,NY,74,3126.0,0,137,900,4009,2870
2020-03-24 08:00:00,0,NY,106,3063.0,0,137,902,3996,2781
2020-03-24 09:00:00,0,NY,114,3076.0,0,138,872,4001,2874
2020-03-24 10:00:00,0,NY,88,3244.0,0,138,884,4013,3291
2020-03-24 11:00:00,0,NY,52,3574.0,0,138,882,4008,4050
2020-03-24 12:00:00,0,NY,25,3852.0,0,140,910,4009,4988
2020-03-24 13:00:00,0,NY,15,3872.0,0,147,936,4012,5281
2020-03-24 14:00:00,0,NY,13,3949.0,0,155,979,4027,5497
2020-03-24 15:00:00,0,NY,13,4026.0,0,163,975,4018,5278
2020-03-24 16:00:00,0,NY,29,3910.0,0,168,965,4022,5130
2020-03-24 17:00:00,0,NY,46,3776.0,0,173,965,4025,4810
2020-03-24 18:00:00,0,NY,41,3892.0,0,172,952,4011,4723
2020-03-24 19:00:00,0,NY,22,3930.0,0,170,908,4010,4682
2020-03-24 20:00:00,0,NY,21,3868.0,0,169,904,4016,4698
2020-03-24 21:00:00,0,NY,10,3864.0,0,157,906,4016,4876
2020-03-24 22:00:00,0,NY,9,3878.0,0,148,946,4012,5187
2020-03-24 23:00:00,0,NY,15,3801.0,0,140,1011,4021,5389
2020-03-25 00:00:00,0,NY,26,3832.0,0,137,1024,4032,5707
2020-03-25 01:00:00,0,NY,80,3862.0,0,135,1027,4018,5722
2020-03-25 02:00:00,0,NY,148,3842.0,0,136,933,4033,5230
2020-03-25 03:00:00,0,NY,242,3824.0,0,133,912,3993,4197
2020-03-25 04:00:00,0,NY,289,3475.0,0,133,927,3989,3524
2020-03-25 05:00:00,0,NY,340,2752.0,0,136,886,3987,2990
2020-03-25 06:00:00,0,NY,318,2748.0,0,135,879,4001,2963
2020-03-25 07:00:00,0,NY,352,2748.0,0,136,868,3998,2935
2020-03-25 08:00:00,0,NY,412,2745.0,0,134,865,3989,2961
2020-03-25 09:00:00,0,NY,475,2684.0,0,138,868,3988,2875
2020-03-25 10:00:00,0,NY,580,2698.0,0,136,872,4009,3136
2020-03-25 11:00:00,0,NY,669,3135.0,0,132,906,4009,3838
2020-03-25 12:00:00,0,NY,742,3709.0,0,136,915,3993,4681
2020-03-25 13:00:00,0,NY,800,3843.0,0,139,957,3997,5155
2020-03-25 14:00:00,0,NY,678,3765.0,0,139,977,4006,5402
2020-03-25 15:00:00,0,NY,571,3774.0,0,142,986,4010,5497
2020-03-25 16:00:00,0,NY,463,3791.0,0,145,946,4000,5519
2020-03-25 17:00:00,0,NY,392,3824.0,0,145,919,3999,5484
2020-03-25 18:00:00,0,NY,314,3754.0,0,145,915,3995,5437
2020-03-25 19:00:00,0,NY,263,3754.0,0,150,914,3996,5323
2020-03-25 20:00:00,0,NY,212,3750.0,0,140,909,3994,5321
2020-03-25 21:00:00,0,NY,151,3766.0,0,141,914,4010,5355
2020-03-25 22:00:00,0,NY,186,3775.0,0,138,963,4015,5436
2020-03-25 23:00:00,0,NY,184,3782.0,0,141,963,4003,5692
2020-03-26 00:00:00,0,NY,142,3757.0,0,147,953,4018,5895
2020-03-26 01:00:00,0,NY,174,3892.0,0,151,1002,4016,5730
2020-03-26 02:00:00,0,NY,332,3848.0,0,150,930,4016,5050
2020-03-26 03:00:00,0,NY,458,3773.0,0,156,883,4003,4221
2020-03-26 04:00:00,0,NY,556,3514.0,0,154,872,3998,3632
2020-03-26 05:00:00,0,NY,602,2704.0,0,150,869,4003,3193
2020-03-26 06:00:00,0,NY,653,2584.0,0,149,868,4012,3037
2020-03-26 07:00:00,0,NY,697,2589.0,0,147,866,4004,3007
2020-03-26 08:00:00,0,NY,729,2559.0,0,150,864,3995,2967
2020-03-26 09:00:00,0,NY,708,2539.0,0,155,860,3973,2842
2020-03-26 10:00:00,0,NY,691,2513.0,0,158,866,3994,3066
2020-03-26 11:00:00,0,NY,665,3126.0,0,156,864,3974,3856
2020-03-26 12:00:00,0,NY,677,3477.0,0,158,886,3980,4341
2020-03-26 13:00:00,0,NY,567,3670.0,0,167,885,3974,4531
2020-03-26 14:00:00,0,NY,492,3763.0,0,172,894,3970,4234
2020-03-26 15:00:00,0,NY,424,3808.0,0,183,918,3966,3815
2020-03-26 16:00:00,0,NY,439,3781.0,0,189,826,3949,3591
2020-03-26 17:00:00,0,NY,669,3704.0,0,185,757,3944,3320
2020-03-26 18:00:00,0,NY,806,3631.0,0,187,704,3932,3217
2020-03-26 19:00:00,0,NY,756,3803.0,0,188,826,3925,3302
2020-03-26 20:00:00,0,NY,779,3828.0,0,184,836,3930,3306
2020-03-26 21:00:00,0,NY,721,3747.0,0,171,847,3825,3487
2020-03-26 22:00:00,0,NY,838,3741.0,0,163,921,3834,3797
2020-03-26 23:00:00,0,NY,645,3809.0,0,155,990,3871,4348
2020-03-27 00:00:00,0,NY,553,3775.0,0,147,1014,3886,4347
2020-03-27 01:00:00,0,NY,654,3844.0,0,151,945,3911,4248
2020-03-27 02:00:00,0,NY,637,3835.0,0,147,877,3900,3842
2020-03-27 03:00:00,0,NY,501,3823.0,0,148,861,3894,3333
2020-03-27 04:00:00,0,NY,592,3645.0,0,148,842,3868,2829
2020-03-27 05:00:00,0,NY,645,2857.0,0,149,852,3859,2394
2020-03-27 06:00:00,0,NY,546,2588.0,0,147,849,3910,2402
2020-03-27 07:00:00,0,NY,519,2628.0,0,150,855,3944,2334
2020-03-27 08:00:00,0,NY,441,2545.0,0,152,844,3927,2267
2020-03-27 09:00:00,0,NY,354,2658.0,0,155,847,3939,2303
2020-03-27 10:00:00,0,NY,348,2770.0,0,157,846,3942,2377
2020-03-27 11:00:00,0,NY,250,3300.0,0,154,840,3932,2823
2020-03-27 12:00:00,0,NY,208,3773.0,0,158,867,3924,3728
2020-03-27 13:00:00,0,NY,257,3865.0,0,161,987,3935,4085
2020-03-27 14:00:00,0,NY,204,3866.0,0,166,957,3945,3956
2020-03-27 15:00:00,0,NY,130,3849.0,0,179,888,3922,3740
2020-03-27 16:00:00,0,NY,144,3815.0,0,187,874,3935,3438
2020-03-27 17:00:00,0,NY,115,3748.0,0,183,772,3901,3511
2020-03-27 18:00:00,0,NY,142,3687.0,0,183,755,3841,3289
2020-03-27 19:00:00,0,NY,194,3655.0,0,185,729,3861,3193
2020-03-27 20:00:00,0,NY,234,3713.0,0,179,738,3868,3215
2020-03-27 21:00:00,0,NY,272,3745.0,0,175,772,3907,3566
2020-03-27 22:00:00,0,NY,234,3802.0,0,166,806,3904,3997
2020-03-27 23:00:00,0,NY,171,3826.0,0,156,878,3891,4417
2020-03-28 00:00:00,0,NY,152,3851.0,0,155,906,3909,4575
2020-03-28 01:00:00,0,NY,206,3891.0,0,158,961,3926,4564
2020-03-28 02:00:00,0,NY,201,3839.0,0,155,902,3902,4273
2020-03-28 03:00:00,0,NY,185,3843.0,0,153,863,3884,3517
2020-03-28 04:00:00,0,NY,189,3580.0,0,150,840,3837,2728
2020-03-28 05:00:00,0,NY,255,3138.0,0,150,651,3809,2137
2020-03-28 06:00:00,0,NY,300,2871.0,0,753,0,3813,2075
2020-03-28 07:00:00,0,NY,308,2738.0,0,760,0,3819,2088
2020-03-28 08:00:00,0,NY,328,2678.0,0,736,0,3829,1996
2020-03-28 09:00:00,0,NY,391,2700.0,0,766,0,3838,2073
2020-03-28 10:00:00,0,NY,485,2778.0,0,771,0,3857,2000
2020-03-28 11:00:00,0,NY,567,3192.0,0,758,0,3799,2060
2020-03-28 12:00:00,0,NY,720,3205.0,0,727,0,3786,2335
2020-03-28 13:00:00,0,NY,752,3368.0,0,758,0,3787,2535
2020-03-28 14:00:00,0,NY,546,3583.0,0,764,0,3791,2892
2020-03-28 15:00:00,0,NY,479,3668.0,0,764,0,3808,3102
2020-03-28 16:00:00,0,NY,524,3724.0,0,814,0,3802,3456
2020-03-28 17:00:00,0,NY,474,3478.0,0,811,0,3801,3448
2020-03-28 18:00:00,0,NY,441,3691.0,0,820,0,3837,3376
2020-03-28 19:00:00,0,NY,376,3691.0,0,829,0,3841,3409
2020-03-28 20:00:00,0,NY,412,3699.0,0,826,0,3836,3566
2020-03-28 21:00:00,0,NY,420,3653.0,0,826,0,3839,3812
2020-03-28 22:00:00,0,NY,432,3576.0,0,832,0,3875,4096
2020-03-28 23:00:00,0,NY,418,3917.0,0,838,0,3910,4135
2020-03-29 00:00:00,0,NY,422,3791.0,0,831,0,3933,4251
2020-03-29 01:00:00,0,NY,397,3948.0,0,814,0,3955,3822
2020-03-29 02:00:00,0,NY,415,3758.0,0,806,0,3906,3457
2020-03-29 03:00:00,0,NY,436,3647.0,0,804,0,3885,3270
2020-03-29 04:00:00,0,NY,537,3474.0,0,774,0,3866,2827
2020-03-29 05:00:00,0,NY,608,2878.0,0,777,0,3872,2232
2020-03-29 06:00:00,0,NY,662,2719.0,0,768,0,3839,1975
2020-03-29 07:00:00,0,NY,688,2444.0,0,760,0,3822,1819
2020-03-29 08:00:00,0,NY,1408,2800.0,0,981,0,4857,2282
2020-03-29 09:00:00,0,NY,1225,3269.0,0,913,0,4577,2312
2020-03-29 10:00:00,0,NY,1067,2871.0,0,688,0,3430,1844
2020-03-29 11:00:00,0,NY,1306,2723.0,0,711,0,3610,2071
2020-03-29 12:00:00,0,NY,1485,2951.0,0,704,0,3775,2261
2020-03-29 13:00:00,0,NY,1524,2685.0,0,720,0,3673,2490
2020-03-29 14:00:00,0,NY,1491,2813.0,0,712,0,3604,2761
2020-03-29 15:00:00,0,NY,1412,2877.0,0,712,0,3467,3173
2020-03-29 16:00:00,0,NY,1474,3089.0,0,760,0,3538,3289
2020-03-29 17:00:00,0,NY,1551,2992.0,0,817,0,3808,3706
2020-03-29 18:00:00,0,NY,1473,3412.0,0,805,0,3911,3500
2020-03-29 19:00:00,0,NY,1519,3152.0,0,808,0,3904,3547
2020-03-29 20:00:00,0,NY,1279,3313.0,0,777,0,3640,3745
2020-03-29 21:00:00,0,NY,978,3202.0,0,800,0,3645,3995
2020-03-29 22:00:00,0,NY,979,3640.0,0,840,0,3845,4089
2020-03-29 23:00:00,0,NY,1321,3404.0,0,861,0,3931,3744
2020-03-30 00:00:00,0,NY,1333,3555.0,0,847,0,4140,3455
2020-03-30 01:00:00,0,NY,1321,3722.0,0,802,0,3958,3030
2020-03-30 02:00:00,0,NY,1321,3722.0,0,802,0,3958,3030
2020-03-30 03:00:00,0,NY,436,,0,804,0,3885,3270
2020-03-30 04:00:00,0,NY,537,,0,774,0,3866,2827
2020-03-30 05:00:00,0,NY,942,2725.0,0,760,0,3768,2289
2020-03-30 06:00:00,0,NY,832,2739.0,0,706,0,3728,2038
2020-03-30 07:00:00,0,NY,824,3043.0,0,575,0,3698,1859
2020-03-30 08:00:00,0,NY,736,3247.0,0,704,0,3722,1977
2020-03-30 09:00:00,0,NY,610,3230.0,0,755,0,3752,2053
2020-03-30 10:00:00,0,NY,669,3405.0,0,682,0,3746,2219
2020-03-30 11:00:00,0,NY,698,3484.0,0,649,0,3745,2655
2020-03-30 12:00:00,0,NY,764,3787.0,0,728,0,3755,3175
2020-03-30 13:00:00,0,NY,817,3785.0,0,747,0,3806,3334
2020-03-30 14:00:00,0,NY,666,3923.0,0,786,0,3828,3661
2020-03-30 15:00:00,0,NY,593,3754.0,0,792,0,3845,4086
2020-03-30 16:00:00,0,NY,623,3759.0,0,797,0,3841,4104
2020-03-30 17:00:00,0,NY,592,3696.0,0,834,0,3790,4143
2020-03-30 18:00:00,0,NY,577,3590.0,0,786,0,3782,3993
2020-03-30 19:00:00,0,NY,588,3613.0,0,776,0,3780,4099
2020-03-30 20:00:00,0,NY,614,3708.0,0,765,0,3765,4378
2020-03-30 21:00:00,0,NY,569,3700.0,0,777,0,3758,4599
2020-03-30 22:00:00,0,NY,565,3598.0,0,829,0,3783,4888
2020-03-30 23:00:00,0,NY,490,3534.0,0,823,0,3807,5171
2020-03-31 00:00:00,0,NY,415,3599.0,0,792,0,3826,5238
2020-03-31 01:00:00,0,NY,329,3570.0,0,774,0,3810,4891
2020-03-31 02:00:00,0,NY,234,3584.0,0,794,0,3804,4684
2020-03-31 03:00:00,0,NY,192,3714.0,0,811,0,3820,4228
2020-03-31 04:00:00,0,NY,173,3437.0,0,825,0,3786,3440
2020-03-31 05:00:00,0,NY,187,2938.0,0,784,0,3818,3011
2020-03-31 06:00:00,0,NY,177,2801.0,0,768,0,3739,2730
2020-03-31 07:00:00,0,NY,176,2818.0,0,763,0,3723,2861
2020-03-31 08:00:00,0,NY,176,2871.0,0,785,0,3836,2811
2020-03-31 09:00:00,0,NY,128,2912.0,0,794,0,3881,2806
2020-03-31 10:00:00,0,NY,83,3054.0,0,788,0,3870,3326
2020-03-31 11:00:00,0,NY,90,3402.0,0,782,0,3854,3911
2020-03-31 12:00:00,0,NY,88,3728.0,0,842,0,3853,4485
2020-03-31 13:00:00,0,NY,80,3794.0,0,853,0,3865,4981
2020-03-31 14:00:00,0,NY,56,3858.0,0,861,0,3887,5244
2020-03-31 15:00:00,0,NY,47,3889.0,0,185,674,3890,5299
2020-03-31 16:00:00,0,NY,34,3852.0,0,191,627,3868,5090
2020-03-31 17:00:00,0,NY,103,3829.0,0,811,0,3851,4986
2020-03-31 18:00:00,0,NY,136,3795.0,0,807,0,3855,4957
2020-03-31 19:00:00,0,NY,143,3815.0,0,803,0,3854,4803
2020-03-31 20:00:00,0,NY,183,3785.0,0,800,0,3838,4614
2020-03-31 21:00:00,0,NY,250,3811.0,0,807,0,3839,4784
2020-03-31 22:00:00,0,NY,351,3881.0,0,800,0,3858,4876
2020-03-31 23:00:00,0,NY,376,3856.0,0,182,682,3852,5043
