Coal,Lignite,Hydro,Nuclear,"Gas, Naptha & Diesel","RES (Wind, Solar, Biomass & Others)",Total,date
3487,68,373,100,87,475,4590,2022/4/25
3358,74,345,100,81,462,4420,2022/4/24
3481,78,396,100,82,407,4544,2022/4/23
3457,75,381,100,71,435,4519,2022/4/22
3455,78,399,103,82,452,4569,2022/4/21
3432,76,415,102,80,448,4552,2022/4/20
3452,76,407,102,75,478,4590,2022/4/19
3418,74,377,103,67,507,4547,2022/4/18
3307,75,322,104,61,528,4397,2022/4/17
3450,77,358,104,64,500,4553,2022/4/16
3370,74,362,104,64,489,4462,2022/4/15
3402,72,390,105,67,440,4476,2022/4/14
3416,70,441,105,74,454,4560,2022/4/13
3388,62,454,105,77,490,4575,2022/4/12
3384,65,459,110,79,462,4558,2022/4/11
3301,81,421,110,74,443,4430,2022/4/10
3426,82,453,110,67,457,4595,2022/4/9
3437,80,475,111,70,467,4640,2022/4/8
3422,82,459,110,68,436,4578,2022/4/7
3394,84,453,110,68,428,4538,2022/4/6
3424,83,463,110,63,407,4552,2022/4/5
3408,79,448,111,64,414,4524,2022/4/4
3286,78,396,111,65,416,4352,2022/4/3
3414,80,383,111,66,436,4489,2022/4/2
3452,79,391,112,62,451,4547,2022/4/1
3435,75,417,111,78,453,4570,2022/3/31
3427,75,401,111,78,465,4558,2022/3/30
3382,74,395,111,78,496,4536,2022/3/29
3365,76,359,112,76,474,4461,2022/3/28
3283,73,337,112,74,425,4304,2022/3/27
3351,72,370,112,82,381,4368,2022/3/26
3384,65,394,116,76,378,4413,2022/3/25
3372,65,379,134,68,413,4431,2022/3/24
3334,73,404,134,69,435,4448,2022/3/23
3290,71,421,134,72,441,4430,2022/3/22
3253,72,420,135,73,465,4418,2022/3/21
3103,73,376,135,71,493,4251,2022/3/20
3046,74,368,135,72,520,4214,2022/3/19
3038,74,375,135,67,467,4155,2022/3/18
3311,71,438,135,68,443,4466,2022/3/17
3359,77,407,135,62,430,4471,2022/3/16
3324,75,391,135,63,429,4418,2022/3/15
3278,74,353,135,60,428,4328,2022/3/14
3169,77,313,135,60,405,4160,2022/3/13
3244,78,342,135,61,390,4250,2022/3/12
3257,78,340,131,60,414,4279,2022/3/11
3224,77,337,131,60,416,4244,2022/3/10
3182,77,338,131,55,451,4234,2022/3/9
3153,76,333,132,60,451,4205,2022/3/8
3120,74,317,132,61,447,4151,2022/3/7
3097,72,283,131,63,417,4063,2022/3/6
3151,71,324,126,63,447,4181,2022/3/5
3108,71,323,129,65,494,4189,2022/3/4
3059,71,294,136,69,527,4156,2022/3/3
3056,72,300,136,67,487,4119,2022/3/2
3121,73,289,136,66,427,4111,2022/3/1
3075,72,288,135,64,470,4105,2022/2/28
2913,79,272,133,65,508,3971,2022/2/27
3053,85,284,131,64,463,4079,2022/2/26
3140,82,308,132,62,428,4151,2022/2/25
3150,81,318,131,61,404,4144,2022/2/24
3089,84,308,127,63,441,4111,2022/2/23
3057,87,312,118,59,486,4119,2022/2/22
3055,85,302,119,60,435,4056,2022/2/21
2953,83,262,119,64,437,3917,2022/2/20
3049,80,281,119,68,457,4055,2022/2/19
3085,80,286,120,69,443,4083,2022/2/18
3106,85,282,120,69,394,4055,2022/2/17
3135,83,285,120,69,378,4069,2022/2/16
3095,82,286,121,67,387,4038,2022/2/15
3039,80,270,123,65,405,3983,2022/2/14
2969,80,247,124,62,391,3873,2022/2/13
3052,79,275,124,56,392,3977,2022/2/12
3021,85,254,124,63,458,4005,2022/2/11
3032,84,255,123,68,442,4004,2022/2/10
3066,86,274,124,71,392,4012,2022/2/9
3145,86,279,123,70,363,4067,2022/2/8
3105,81,281,124,68,354,4011,2022/2/7
2959,82,244,124,65,376,3849,2022/2/6
3064,83,269,124,65,350,3954,2022/2/5
3028,84,253,121,65,386,3937,2022/2/4
2968,81,259,119,65,443,3935,2022/2/3
3074,81,283,119,66,392,4016,2022/2/2
3058,78,292,119,66,339,3951,2022/2/1
3053,73,291,119,66,362,3964,2022/1/31
2948,82,240,119,64,360,3812,2022/1/30
2982,84,267,119,63,395,3909,2022/1/29
2970,82,244,122,61,467,3946,2022/1/28
2924,82,255,120,62,393,3836,2022/1/27
2871,81,252,119,63,333,3720,2022/1/26
3005,86,280,119,61,335,3886,2022/1/25
2967,82,263,119,62,335,3829,2022/1/24
2763,78,215,119,64,389,3627,2022/1/23
2820,80,237,110,62,472,3781,2022/1/22
2993,84,254,109,61,404,3906,2022/1/21
2984,81,261,117,60,385,3888,2022/1/20
2984,75,268,119,62,351,3858,2022/1/19
2919,75,266,119,62,370,3812,2022/1/18
2808,76,249,119,63,400,3715,2022/1/17
2610,73,227,119,62,403,3495,2022/1/16
2645,67,234,119,63,402,3530,2022/1/15
2688,65,241,119,62,392,3566,2022/1/14
2794,69,246,119,60,384,3673,2022/1/13
2794,72,255,119,61,365,3665,2022/1/12
2768,69,256,118,61,387,3659,2022/1/11
2761,70,260,119,56,341,3606,2022/1/10
2662,68,238,119,57,314,3458,2022/1/9
2775,66,255,103,57,303,3558,2022/1/8
2921,67,260,100,58,302,3709,2022/1/7
2914,67,267,111,57,282,3698,2022/1/6
2980,71,264,124,59,278,3775,2022/1/5
2990,79,260,123,56,331,3839,2022/1/4
2867,78,267,123,60,367,3761,2022/1/3
2686,78,230,127,60,395,3576,2022/1/2
2795,79,247,135,62,377,3694,2022/1/1
2810,77,258,130,63,428,3767,2021/12/31
2737,78,246,131,58,465,3716,2021/12/30
2761,82,257,131,55,366,3652,2021/12/29
2843,81,253,130,59,345,3711,2021/12/28
2908,81,262,135,56,319,3761,2021/12/27
2894,83,250,136,57,263,3684,2021/12/26
2998,83,266,136,58,283,3824,2021/12/25
3053,80,269,136,62,284,3884,2021/12/24
3035,73,277,135,61,268,3849,2021/12/23
3004,72,270,135,62,281,3825,2021/12/22
2944,74,283,135,63,295,3794,2021/12/21
2834,72,263,136,61,352,3717,2021/12/20
2637,67,241,135,62,424,3564,2021/12/19
2762,68,242,130,60,449,3711,2021/12/18
2774,71,268,130,64,430,3737,2021/12/17
2790,73,271,130,65,390,3719,2021/12/16
2776,71,286,130,63,367,3693,2021/12/15
2773,73,289,130,65,343,3673,2021/12/14
2724,72,288,129,64,337,3615,2021/12/13
2609,73,264,130,63,358,3497,2021/12/12
2693,76,296,129,63,374,3630,2021/12/11
2691,73,298,125,63,401,3651,2021/12/10
2744,72,303,125,61,350,3654,2021/12/9
2719,70,296,124,60,362,3631,2021/12/8
2691,71,284,125,61,361,3593,2021/12/7
2633,74,299,125,61,325,3517,2021/12/6
2547,70,291,125,63,290,3386,2021/12/5
2594,62,316,125,60,287,3445,2021/12/4
2544,63,320,83,64,307,3381,2021/12/3
2503,69,308,126,63,302,3370,2021/12/2
2554,68,306,125,65,325,3443,2021/12/1
2590,60,313,125,75,343,3506,2021/11/30
2579,59,311,125,77,325,3476,2021/11/29
2537,58,294,125,78,304,3397,2021/11/28
2690,56,315,126,72,284,3542,2021/11/27
2723,57,322,125,74,288,3589,2021/11/26
2708,71,312,120,71,294,3576,2021/11/25
2719,76,320,110,64,271,3561,2021/11/24
2695,70,325,103,62,268,3523,2021/11/23
2583,66,321,103,59,313,3445,2021/11/22
2421,70,308,103,66,335,3303,2021/11/21
2538,67,317,102,67,347,3438,2021/11/20
2545,65,314,104,68,330,3427,2021/11/19
2629,71,361,105,67,279,3511,2021/11/18
2617,65,350,114,66,338,3550,2021/11/17
2579,66,335,129,65,381,3556,2021/11/16
2583,66,351,130,66,329,3525,2021/11/15
2524,70,337,129,64,303,3427,2021/11/14
2568,70,366,128,64,312,3509,2021/11/13
2531,68,375,125,57,344,3499,2021/11/12
2514,59,378,124,59,317,3451,2021/11/11
2577,56,393,129,66,277,3497,2021/11/10
2512,56,388,129,67,306,3458,2021/11/9
2395,61,410,129,66,304,3364,2021/11/8
2231,70,406,129,64,288,3189,2021/11/7
2174,66,407,129,63,316,3155,2021/11/6
2073,65,395,133,61,296,3023,2021/11/5
2215,70,386,134,64,284,3154,2021/11/4
2493,66,416,134,64,300,3473,2021/11/3
2557,68,419,134,68,299,3545,2021/11/2
2520,75,433,134,67,281,3510,2021/11/1
2448,76,460,134,64,278,3461,2021/10/31
2513,73,482,134,66,310,3579,2021/10/30
2568,73,502,134,69,292,3639,2021/10/29
2534,78,507,133,67,338,3659,2021/10/28
2566,76,502,133,68,341,3686,2021/10/27
2586,81,516,133,80,301,3696,2021/10/26
2520,81,510,134,86,286,3617,2021/10/25
2411,81,518,133,73,291,3508,2021/10/24
2519,80,544,128,89,339,3699,2021/10/23
2562,74,563,127,78,358,3763,2021/10/22
2552,71,569,124,80,329,3725,2021/10/21
2587,67,571,123,81,300,3728,2021/10/20
2497,65,570,123,71,333,3660,2021/10/19
2374,62,529,123,76,462,3626,2021/10/18
2502,71,509,123,81,361,3648,2021/10/17
2711,73,506,121,91,289,3791,2021/10/16
2643,67,484,129,105,326,3754,2021/10/15
2720,64,519,132,115,352,3902,2021/10/14
2752,68,554,133,118,353,3978,2021/10/13
2728,76,576,132,128,354,3995,2021/10/12
2700,75,570,132,123,358,3959,2021/10/11
2592,67,551,132,119,392,3854,2021/10/10
2660,66,576,124,133,353,3913,2021/10/9
2725,69,579,120,156,329,3977,2021/10/8
2703,75,599,131,148,307,3962,2021/10/7
2686,77,594,129,156,283,3925,2021/10/6
2649,73,630,128,140,288,3908,2021/10/5
2593,74,655,128,109,345,3903,2021/10/4
2462,77,622,129,85,329,3704,2021/10/3
2504,82,618,129,106,278,3716,2021/10/2
2618,83,649,128,104,318,3900,2021/10/1
2531,81,660,129,102,418,3920,2021/9/30
2445,73,636,128,93,504,3879,2021/9/29
2444,72,602,123,88,520,3849,2021/9/28
2505,68,586,123,90,424,3797,2021/9/27
2462,66,618,123,90,364,3722,2021/9/26
2534,65,665,118,100,387,3868,2021/9/25
2570,63,689,113,101,432,3968,2021/9/24
2534,63,648,115,91,366,3818,2021/9/23
2531,64,660,113,108,402,3877,2021/9/22
2644,68,658,114,114,416,4015,2021/9/21
2738,75,696,114,110,353,4087,2021/9/20
2691,80,678,114,76,327,3966,2021/9/19
2631,88,694,114,74,360,3961,2021/9/18
2482,88,661,123,74,421,3848,2021/9/17
2406,84,695,124,79,457,3845,2021/9/16
2366,82,747,122,76,450,3842,2021/9/15
2230,79,729,120,82,526,3766,2021/9/14
2215,80,720,120,89,578,3801,2021/9/13
2132,75,670,120,88,561,3645,2021/9/12
2336,78,653,120,94,500,3780,2021/9/11
2511,79,631,120,96,520,3957,2021/9/10
2603,84,643,120,94,523,4067,2021/9/9
2504,80,639,121,101,553,3998,2021/9/8
2568,78,611,123,113,495,3987,2021/9/7
2688,79,604,123,109,439,4041,2021/9/6
2571,77,584,123,104,433,3892,2021/9/5
2626,76,609,120,111,451,3993,2021/9/4
2740,78,652,110,115,346,4040,2021/9/3
2744,74,676,95,105,371,4064,2021/9/2
2709,74,650,88,108,400,4027,2021/9/1
2720,70,649,88,129,425,4081,2021/8/31
2752,74,650,84,142,423,4125,2021/8/30
2732,78,658,87,163,413,4131,2021/8/29
2844,72,720,91,168,407,4302,2021/8/28
2835,68,731,92,159,477,4362,2021/8/27
2789,68,725,90,134,550,4355,2021/8/26
2830,68,719,90,102,530,4339,2021/8/25
2830,70,712,92,96,467,4266,2021/8/24
2728,71,687,99,96,366,4047,2021/8/23
2657,69,623,96,85,292,3822,2021/8/22
2803,70,695,96,103,322,4089,2021/8/21
2893,68,706,96,115,416,4294,2021/8/20
2926,67,693,96,122,553,4457,2021/8/19
3003,62,692,96,126,499,4477,2021/8/18
3100,62,713,95,152,406,4529,2021/8/17
3029,63,739,87,124,403,4445,2021/8/16
2831,69,729,70,88,549,4336,2021/8/15
2973,70,690,65,89,642,4530,2021/8/14
3021,77,739,66,93,540,4536,2021/8/13
2987,80,736,66,93,549,4512,2021/8/12
2927,82,748,87,86,542,4473,2021/8/11
2898,82,735,97,88,532,4430,2021/8/10
2847,80,730,97,90,484,4327,2021/8/9
2744,81,745,97,87,413,4167,2021/8/8
2791,80,778,95,115,465,4325,2021/8/7
2672,72,766,100,98,600,4309,2021/8/6
2561,73,759,100,95,660,4248,2021/8/5
2410,68,751,99,94,705,4125,2021/8/4
2329,64,751,97,95,714,4050,2021/8/3
2244,66,744,96,89,711,3950,2021/8/2
2030,59,718,101,88,714,3710,2021/8/1
2144,68,710,101,94,714,3830,2021/7/31
2139,70,705,101,93,718,3826,2021/7/30
2186,72,684,101,93,705,3841,2021/7/29
2185,73,665,101,93,735,3852,2021/7/28
2416,70,660,101,85,733,4064,2021/7/27
2473,66,685,100,85,703,4113,2021/7/26
2397,76,667,105,85,637,3966,2021/7/25
2448,81,690,105,91,606,4021,2021/7/24
2466,79,678,105,95,562,3985,2021/7/23
2331,71,663,105,89,629,3887,2021/7/22
2268,66,634,105,79,677,3830,2021/7/21
2292,67,627,105,81,695,3867,2021/7/20
2370,63,630,104,81,672,3921,2021/7/19
2585,70,647,104,88,522,4016,2021/7/18
2958,79,679,104,98,417,4335,2021/7/17
2925,79,695,103,93,409,4303,2021/7/16
2763,76,667,100,89,422,4117,2021/7/15
2701,79,644,99,91,449,4063,2021/7/14
2757,82,612,99,91,491,4133,2021/7/13
2785,78,615,101,95,466,4140,2021/7/12
2836,77,612,109,96,423,4152,2021/7/11
3014,78,632,109,101,462,4396,2021/7/10
3018,71,653,109,102,456,4409,2021/7/9
3052,77,648,108,104,485,4474,2021/7/8
3129,83,680,107,119,450,4568,2021/7/7
3175,79,692,105,121,381,4553,2021/7/6
3060,80,692,105,113,389,4439,2021/7/5
2875,82,657,106,105,450,4275,2021/7/4
2796,82,668,109,111,540,4306,2021/7/3
2724,84,667,109,120,616,4320,2021/7/2
2859,91,669,108,115,576,4419,2021/7/1
2960,91,661,106,117,550,4486,2021/6/30
3039,92,658,105,111,405,4410,2021/6/29
2921,88,642,106,95,383,4234,2021/6/28
2685,87,617,107,97,415,4009,2021/6/27
2648,80,620,106,93,593,4140,2021/6/26
2661,78,612,107,90,623,4171,2021/6/25
2679,76,614,103,95,582,4150,2021/6/24
2759,81,648,99,100,488,4176,2021/6/23
2672,83,669,97,98,513,4133,2021/6/22
2455,83,646,119,92,550,3944,2021/6/21
2184,73,580,107,89,623,3655,2021/6/20
2357,78,589,110,91,547,3772,2021/6/19
2419,88,611,120,92,524,3854,2021/6/18
2389,88,625,122,90,544,3858,2021/6/17
2344,88,631,123,92,587,3865,2021/6/16
2305,84,616,128,103,655,3890,2021/6/15
2324,85,636,128,101,610,3883,2021/6/14
2133,73,606,128,94,636,3670,2021/6/13
2285,77,591,128,103,664,3848,2021/6/12
2317,74,575,128,101,688,3883,2021/6/11
2461,81,556,127,106,666,3998,2021/6/10
2515,85,563,124,107,632,4025,2021/6/9
2576,82,534,124,105,575,3995,2021/6/8
2559,82,521,125,104,481,3871,2021/6/7
2495,77,467,125,102,341,3607,2021/6/6
2587,76,468,125,109,326,3690,2021/6/5
2662,84,479,120,116,311,3771,2021/6/4
2592,86,486,119,108,339,3731,2021/6/3
2484,83,497,122,111,424,3720,2021/6/2
2280,78,507,125,98,530,3619,2021/6/1
2435,82,522,128,90,583,3839,2021/5/31
2353,80,515,121,93,545,3707,2021/5/30
2454,88,545,115,102,528,3831,2021/5/29
2329,86,528,110,94,582,3728,2021/5/28
2249,83,449,106,89,637,3613,2021/5/27
2273,85,391,106,87,634,3577,2021/5/26
2362,83,410,121,82,536,3595,2021/5/25
2400,85,439,130,76,463,3593,2021/5/24
2310,77,425,130,73,453,3469,2021/5/23
2291,77,450,130,76,422,3445,2021/5/22
2167,70,450,128,76,471,3362,2021/5/21
2129,68,430,125,81,430,3264,2021/5/20
2155,65,394,125,89,415,3243,2021/5/19
2252,66,375,125,89,469,3376,2021/5/18
2331,71,370,124,102,544,3542,2021/5/17
2365,70,350,123,101,498,3506,2021/5/16
2606,74,382,115,103,387,3666,2021/5/15
2592,71,417,104,106,403,3693,2021/5/14
2415,71,433,103,106,467,3595,2021/5/13
2560,75,395,103,109,450,3692,2021/5/12
2702,75,362,111,110,417,3779,2021/5/11
2774,79,360,110,113,359,3795,2021/5/10
2738,80,369,109,116,336,3748,2021/5/9
2863,83,389,116,122,312,3884,2021/5/8
2781,79,391,118,117,328,3814,2021/5/7
2803,76,414,118,116,355,3883,2021/5/6
2851,77,380,118,116,364,3907,2021/5/5
2900,78,348,117,111,343,3897,2021/5/4
2885,80,322,113,108,353,3861,2021/5/3
2874,75,299,113,113,314,3788,2021/5/2
2951,80,308,112,118,330,3899,2021/5/1
3089,82,323,109,134,335,4071,2021/4/30
3117,73,334,109,136,357,4126,2021/4/29
3116,75,318,113,142,361,4125,2021/4/28
3102,77,306,122,120,348,4075,2021/4/27
3072,78,300,120,113,341,4024,2021/4/26
2906,76,303,116,96,346,3843,2021/4/25
2987,80,318,100,98,351,3935,2021/4/24
2944,70,309,91,97,413,3923,2021/4/23
2989,69,293,90,103,385,3929,2021/4/22
3091,72,294,85,111,360,4013,2021/4/21
3154,72,277,84,113,401,4101,2021/4/20
3103,73,294,89,104,416,4080,2021/4/19
3048,71,261,107,100,350,3937,2021/4/18
3075,70,275,97,102,357,3975,2021/4/17
3162,68,252,107,99,367,4055,2021/4/16
3151,68,249,107,103,356,4034,2021/4/15
3165,67,246,107,109,364,4057,2021/4/14
3293,68,251,97,107,321,4136,2021/4/13
3241,70,275,97,106,340,4129,2021/4/12
3150,69,253,97,99,357,4025,2021/4/11
3235,76,274,108,112,363,4168,2021/4/10
3256,73,289,108,133,352,4211,2021/4/9
3277,75,310,99,149,343,4252,2021/4/8
3226,72,325,103,138,350,4215,2021/4/7
3182,69,302,101,125,380,4160,2021/4/6
3197,70,293,101,117,392,4170,2021/4/5
3103,72,265,94,115,391,4040,2021/4/4
3177,72,292,89,121,425,4176,2021/4/3
3140,73,307,90,115,414,4137,2021/4/2
3090,75,300,89,105,424,4083,2021/4/1
3086,78,268,93,112,470,4107,2021/3/31
2955,75,262,93,100,436,3921,2021/3/30
2861,75,243,109,93,404,3785,2021/3/29
3128,70,253,93,99,385,4029,2021/3/28
3225,69,291,95,127,350,4157,2021/3/27
3201,70,300,98,128,358,4154,2021/3/26
3222,67,294,96,111,349,4137,2021/3/25
3176,62,282,89,117,366,4091,2021/3/24
3105,61,287,86,122,358,4020,2021/3/23
3184,65,283,84,111,334,4061,2021/3/22
3148,71,234,78,100,355,3986,2021/3/21
3225,72,276,83,120,344,4120,2021/3/20
3255,73,294,83,118,319,4143,2021/3/19
3268,71,304,86,114,332,4174,2021/3/18
3225,72,328,88,121,335,4168,2021/3/17
3188,74,326,88,117,342,4135,2021/3/16
3140,76,291,89,116,358,4070,2021/3/15
3009,77,264,95,105,366,3916,2021/3/14
3019,78,271,93,117,354,3933,2021/3/13
3100,79,265,85,129,359,4017,2021/3/12
3233,80,286,84,125,358,4166,2021/3/11
3261,80,295,81,112,346,4176,2021/3/10
3229,74,305,86,117,368,4179,2021/3/9
3135,74,297,72,117,388,4082,2021/3/8
3024,75,260,68,110,417,3953,2021/3/7
3140,78,315,77,128,362,4102,2021/3/6
3171,77,290,90,133,352,4113,2021/3/5
3119,71,275,91,127,377,4060,2021/3/4
3134,68,279,91,112,357,4041,2021/3/3
3105,73,302,91,112,355,4037,2021/3/2
3046,78,299,90,118,347,3978,2021/3/1
2987,77,270,91,105,341,3871,2021/2/28
3031,73,298,91,122,363,3978,2021/2/27
3018,73,304,91,122,374,3982,2021/2/26
3006,74,312,91,120,332,3934,2021/2/25
2983,71,289,91,106,350,3890,2021/2/24
2932,69,286,91,108,341,3827,2021/2/23
2863,66,265,91,107,323,3716,2021/2/22
2714,67,245,91,104,346,3567,2021/2/21
2807,73,249,91,113,370,3704,2021/2/20
2832,75,259,90,117,363,3736,2021/2/19
2892,77,263,86,120,363,3800,2021/2/18
2939,82,266,83,123,324,3816,2021/2/17
2980,78,266,80,121,313,3838,2021/2/16
2978,76,273,80,114,320,3841,2021/2/15
2907,72,255,78,109,312,3733,2021/2/14
2994,74,268,77,102,330,3844,2021/2/13
2997,72,266,78,111,341,3866,2021/2/12
2995,76,272,81,108,325,3856,2021/2/11
3015,77,277,81,101,324,3875,2021/2/10
2985,74,284,81,100,344,3868,2021/2/9
2884,74,280,83,98,397,3814,2021/2/8
2820,78,239,80,93,395,3706,2021/2/7
2891,80,276,80,98,402,3828,2021/2/6
2913,82,273,81,98,380,3826,2021/2/5
2934,76,267,79,95,372,3824,2021/2/4
3105,76,273,87,96,342,3979,2021/2/3
3031,71,262,87,96,355,3901,2021/2/2
2996,66,259,77,97,351,3846,2021/2/1
2963,66,248,77,96,328,3778,2021/1/31
3053,68,265,77,97,333,3894,2021/1/30
3044,69,266,79,94,356,3908,2021/1/29
2997,66,267,84,96,363,3874,2021/1/28
2929,68,273,88,96,353,3806,2021/1/27
2831,62,255,89,92,349,3679,2021/1/26
2944,61,265,88,96,363,3818,2021/1/25
2922,64,267,89,93,336,3771,2021/1/24
3034,69,282,88,97,313,3882,2021/1/23
3072,66,292,79,95,302,3906,2021/1/22
3050,72,278,78,95,279,3852,2021/1/21
3018,71,289,77,94,296,3844,2021/1/20
2968,55,293,74,92,319,3802,2021/1/19
2838,62,287,79,96,364,3727,2021/1/18
2763,63,258,99,95,334,3612,2021/1/17
2778,65,283,99,92,311,3628,2021/1/16
2712,64,269,104,89,315,3552,2021/1/15
2714,64,258,104,87,307,3534,2021/1/14
2821,56,266,104,93,335,3676,2021/1/13
2810,62,253,104,88,362,3678,2021/1/12
2786,60,253,104,92,325,3619,2021/1/11
2628,58,237,104,89,339,3455,2021/1/10
2661,59,253,104,90,339,3506,2021/1/9
3044,60,256,116,102,336,3914,2021/1/8
2698,58,261,104,95,310,3526,2021/1/7
2711,69,292,106,92,271,3541,2021/1/6
2672,67,282,109,97,301,3528,2021/1/5
2667,62,280,109,104,323,3544,2021/1/4
2627,58,256,108,93,327,3469,2021/1/3
2720,64,281,96,96,359,3617,2021/1/2
2729,68,264,86,99,390,3635,2021/1/1
2780,66,300,85,90,400,3721,2020/12/31
2769,72,292,85,91,442,3751,2020/12/30
2806,77,272,102,92,392,3740,2020/12/29
2773,77,280,122,94,329,3673,2020/12/28
2686,67,251,121,95,356,3576,2020/12/27
2801,76,285,121,92,331,3706,2020/12/26
2745,75,274,120,90,365,3669,2020/12/25
2789,72,285,125,97,347,3714,2020/12/24
2794,69,288,121,98,321,3692,2020/12/23
2802,65,282,115,99,313,3675,2020/12/22
2724,64,263,116,94,353,3613,2020/12/21
2621,63,235,116,84,361,3480,2020/12/20
2684,60,256,118,87,388,3593,2020/12/19
2668,65,272,122,134,356,3616,2020/12/18
2632,57,294,122,101,360,3565,2020/12/17
2590,60,287,110,99,372,3520,2020/12/16
2584,65,284,95,110,352,3491,2020/12/15
2514,64,292,103,98,336,3407,2020/12/14
2406,59,270,116,94,309,3254,2020/12/13
2452,62,282,114,111,306,3327,2020/12/12
2575,62,290,96,110,308,3441,2020/12/11
2559,65,283,96,168,338,3509,2020/12/10
2558,67,287,109,170,297,3487,2020/12/9
2628,51,272,120,117,287,3474,2020/12/8
2577,59,288,120,105,278,3427,2020/12/7
2489,54,260,120,112,303,3338,2020/12/6
2625,51,291,121,121,270,3478,2020/12/5
2638,51,293,120,132,264,3498,2020/12/4
2625,54,298,120,131,248,3476,2020/12/3
2559,60,282,121,174,280,3475,2020/12/2
2532,56,280,121,122,320,3431,2020/12/1
2517,59,282,125,115,292,3389,2020/11/30
2406,57,268,123,101,302,3257,2020/11/29
2389,56,283,122,99,359,3308,2020/11/28
2323,57,285,122,102,408,3296,2020/11/27
2312,49,280,123,111,381,3256,2020/11/26
2472,51,286,125,115,320,3370,2020/11/25
2520,63,290,126,147,266,3411,2020/11/24
2499,59,291,126,116,258,3348,2020/11/23
2399,63,274,126,101,291,3254,2020/11/22
2410,66,292,131,103,339,3341,2020/11/21
2427,66,290,131,125,324,3363,2020/11/20
2410,70,281,130,126,335,3352,2020/11/19
2375,69,288,127,121,316,3295,2020/11/18
2260,66,279,126,97,345,3174,2020/11/17
2040,67,274,126,134,307,2947,2020/11/16
2027,64,286,126,102,269,2874,2020/11/15
2148,67,275,125,109,318,3043,2020/11/14
2514,68,303,120,131,288,3424,2020/11/13
2589,65,322,114,131,295,3516,2020/11/12
2544,64,318,116,133,326,3501,2020/11/11
2568,67,306,110,133,314,3497,2020/11/10
2580,61,319,95,138,291,3484,2020/11/9
2489,60,296,92,146,288,3370,2020/11/8
2586,61,306,91,149,293,3486,2020/11/7
2610,59,311,90,157,274,3501,2020/11/6
2571,56,332,91,161,267,3478,2020/11/5
2617,56,350,90,153,269,3534,2020/11/4
2605,64,371,92,159,301,3591,2020/11/3
2570,66,377,112,159,275,3560,2020/11/2
2478,67,357,114,153,260,3429,2020/11/1
2591,64,382,114,158,249,3558,2020/10/31
2588,63,389,114,157,254,3564,2020/10/30
2576,63,393,117,159,229,3537,2020/10/29
2549,57,395,117,153,256,3527,2020/10/28
2504,53,409,117,155,258,3497,2020/10/27
2420,48,395,118,158,259,3398,2020/10/26
2324,44,400,117,151,259,3296,2020/10/25
2459,42,417,116,155,298,3486,2020/10/24
2512,49,406,111,158,307,3542,2020/10/23
2558,54,407,111,157,305,3590,2020/10/22
2588,49,417,113,158,279,3604,2020/10/21
,48,430,116,147,269,3647,2020/10/20
,52,450,116,163,265,3638,2020/10/19
2502,53,452,116,171,256,3550,2020/10/18
2612,51,477,116,162,328,3746,2020/10/17
2548,50,490,115,156,422,3783,2020/10/16
2472,60,488,115,173,447,3754,2020/10/15
2477,56,487,115,146,454,3734,2020/10/14
2611,59,477,110,161,327,3745,2020/10/13
2585,58,473,116,163,301,3696,2020/10/12
2522,53,447,116,164,289,3590,2020/10/11
2738,55,461,116,163,291,3823,2020/10/10
2782,58,518,116,156,272,3902,2020/10/9
2772,59,527,116,140,263,3877,2020/10/8
2722,62,552,115,147,312,3910,2020/10/7
2641,61,558,116,151,324,3851,2020/10/6
2542,64,548,117,164,368,3803,2020/10/5
2395,63,521,117,162,411,3669,2020/10/4
2495,65,534,117,158,402,3770,2020/10/3
2423,63,565,117,138,372,3678,2020/10/2
2499,58,597,117,125,362,3757,2020/10/1
2587,58,599,117,125,320,3805,2020/9/30
2594,58,628,117,114,320,3831,2020/9/29
2578,55,651,116,105,326,3831,2020/9/28
2370,54,660,116,92,329,3622,2020/9/27
2381,52,699,116,100,351,3699,2020/9/26
2456,59,705,116,110,383,3828,2020/9/25
2391,66,742,116,125,369,3808,2020/9/24
2304,61,719,116,130,450,3779,2020/9/23
2392,62,710,116,146,433,3858,2020/9/22
2442,60,701,116,140,403,3861,2020/9/21
2471,69,688,116,142,346,3831,2020/9/20
2578,72,724,116,161,347,3999,2020/9/19
2491,64,710,116,160,426,3966,2020/9/18
,66,698,116,158,392,3891,2020/9/17
2584,67,684,116,154,365,3970,2020/9/16
2539,67,680,116,149,373,3924,2020/9/15
2501,65,708,116,135,346,3871,2020/9/14
2476,65,662,116,130,325,3774,2020/9/13
2628,60,698,116,137,346,3986,2020/9/12
2663,59,698,114,153,337,4025,2020/9/11
2713,59,661,114,166,316,4029,2020/9/10
2747,56,649,114,181,308,4056,2020/9/9
2642,50,683,115,148,333,3970,2020/9/8
2494,49,689,116,150,368,3867,2020/9/7
2415,54,675,116,146,320,3726,2020/9/6
2601,56,706,119,152,254,3888,2020/9/5
2575,58,717,120,154,242,3866,2020/9/4
2517,62,722,119,147,235,3802,2020/9/3
2477,66,727,125,146,228,3770,2020/9/2
2424,57,696,128,146,322,3772,2020/9/1
2303,42,703,129,127,405,3709,2020/8/31
2145,53,673,129,130,458,3588,2020/8/30
2275,54,713,128,140,414,3724,2020/8/29
2271,61,737,125,138,402,3734,2020/8/28
2302,63,735,120,121,396,3737,2020/8/27
2315,62,747,119,119,417,3779,2020/8/26
,59,731,120,116,460,3731,2020/8/25
2113,58,729,115,121,457,3592,2020/8/24
1995,56,649,104,119,479,3401,2020/8/23
2077,55,668,104,122,407,3433,2020/8/22
2090,60,653,101,137,388,3428,2020/8/21
2078,57,659,101,130,423,3448,2020/8/20
2126,57,670,100,141,493,3587,2020/8/19
2233,60,668,100,146,495,3702,2020/8/18
2219,61,675,100,143,471,3669,2020/8/17
2016,59,661,100,131,452,3418,2020/8/16
2060,63,653,94,127,483,3479,2020/8/15
2130,64,660,101,131,533,3619,2020/8/14
2094,59,654,101,103,585,3596,2020/8/13
2149,56,645,101,134,623,3708,2020/8/12
2288,53,661,101,155,531,3789,2020/8/11
2342,60,680,101,150,446,3779,2020/8/10
2362,62,652,102,137,466,3780,2020/8/9
2439,58,671,102,133,552,3955,2020/8/8
2385,51,679,102,126,535,3879,2020/8/7
2234,49,662,101,126,511,3683,2020/8/6
2323,55,658,99,138,456,3729,2020/8/5
2344,53,646,90,127,522,3781,2020/8/4
2388,47,621,77,128,516,3777,2020/8/3
2444,51,610,78,139,429,3751,2020/8/2
2545,47,631,79,145,373,3820,2020/8/1
2613,47,628,79,168,361,3897,2020/7/31
2535,50,635,78,175,356,3829,2020/7/30
2603,51,628,83,152,406,3923,2020/7/29
2669,59,643,83,155,432,4041,2020/7/28
2621,52,644,83,151,436,3986,2020/7/27
2481,51,612,82,141,350,3717,2020/7/26
2529,59,632,79,146,292,3737,2020/7/25
2525,53,626,79,146,304,3733,2020/7/24
2481,55,642,82,134,309,3702,2020/7/23
2421,59,634,84,128,301,3626,2020/7/22
2255,59,645,92,109,371,3532,2020/7/21
2335,56,636,106,121,403,3657,2020/7/20
2437,55,621,106,124,365,3709,2020/7/19
2604,54,657,106,141,335,3899,2020/7/18
2509,50,623,106,146,415,3849,2020/7/17
2486,49,626,106,135,389,3792,2020/7/16
2486,52,643,106,163,359,3809,2020/7/15
2497,58,668,105,177,337,3841,2020/7/14
2318,57,646,106,167,382,3676,2020/7/13
2014,52,593,109,150,491,3409,2020/7/12
2274,51,603,108,154,457,3648,2020/7/11
2399,56,622,104,150,429,3760,2020/7/10
2415,56,656,101,146,367,3742,2020/7/9
2299,56,664,101,136,431,3687,2020/7/8
2229,53,631,105,142,492,3651,2020/7/7
2151,47,631,105,143,489,3566,2020/7/6
2050,47,597,105,141,422,3361,2020/7/5
2405,52,633,102,155,489,3836,2020/7/4
2516,52,647,105,156,519,3994,2020/7/3
2556,51,632,104,154,494,3992,2020/7/2
,62,665,104,144,431,3931,2020/7/1
2500,74,667,111,161,337,3851,2020/6/30
2403,80,669,112,151,370,3785,2020/6/29
2301,77,659,112,143,430,3722,2020/6/28
2373,80,661,112,153,426,3805,2020/6/27
2377,81,666,112,157,383,3776,2020/6/26
2422,83,698,111,154,359,3826,2020/6/25
2431,87,712,113,157,346,3846,2020/6/24
2358,86,691,113,154,429,3831,2020/6/23
2222,87,680,113,158,464,3723,2020/6/22
2146,78,637,113,163,491,3630,2020/6/21
2233,85,644,113,166,554,3796,2020/6/20
2264,85,658,110,167,559,3843,2020/6/19
2273,82,640,109,173,531,3810,2020/6/18
2269,79,651,110,173,513,3794,2020/6/17
2275,82,638,110,178,491,3774,2020/6/16
2240,82,629,110,182,488,3731,2020/6/15
2154,75,598,110,169,444,3550,2020/6/14
2246,76,610,110,171,420,3633,2020/6/13
2283,83,585,107,183,424,3665,2020/6/12
2311,83,575,110,175,430,3685,2020/6/11
2330,85,606,110,166,469,3766,2020/6/10
2262,80,623,112,164,458,3698,2020/6/9
2138,81,587,111,145,461,3523,2020/6/8
1978,76,529,111,149,457,3300,2020/6/7
2001,80,538,110,140,454,3322,2020/6/6
1977,77,523,110,132,422,3240,2020/6/5
2053,74,505,110,139,384,3265,2020/6/4
2119,69,497,109,144,355,3293,2020/6/3
2160,66,498,111,151,362,3348,2020/6/2
2155,69,526,110,152,324,3337,2020/6/1
2079,71,508,110,152,353,3274,2020/5/31
2206,74,515,118,152,421,3486,2020/5/30
2187,71,497,118,136,544,3554,2020/5/29
2194,73,503,118,138,576,3603,2020/5/28
2377,75,526,118,137,552,3784,2020/5/27
2477,78,557,102,145,513,3872,2020/5/26
2450,81,585,93,152,472,3833,2020/5/25
2404,81,576,91,150,476,3778,2020/5/24
2360,86,593,91,159,477,3766,2020/5/23
2257,80,567,90,150,526,3671,2020/5/22
2161,76,509,99,154,508,3508,2020/5/21
2157,72,447,109,157,511,3453,2020/5/20
2217,68,466,107,162,475,3497,2020/5/19
2252,70,470,108,169,414,3481,2020/5/18
2245,68,482,107,154,376,3433,2020/5/17
2339,72,482,107,161,339,3500,2020/5/16
2347,79,449,105,160,334,3474,2020/5/15
2314,81,465,107,150,306,3423,2020/5/14
2283,78,461,110,151,319,3401,2020/5/13
,76,463,98,148,303,3324,2020/5/12
2042,73,432,106,152,324,3129,2020/5/11
2064,70,428,106,154,332,3154,2020/5/10
2244,70,469,111,153,335,3382,2020/5/9
2179,68,445,115,148,331,3285,2020/5/8
2050,75,443,116,139,337,3158,2020/5/7
2007,72,453,115,140,349,3135,2020/5/6
2006,78,449,115,153,326,3128,2020/5/5
1933,78,454,115,136,355,3071,2020/5/4
1891,76,452,107,132,373,3032,2020/5/3
1936,73,450,101,133,386,3079,2020/5/2
1899,75,412,103,142,374,3005,2020/5/1
1989,76,406,108,133,320,3033,2020/4/30
1918,73,407,115,129,285,2925,2020/4/29
1866,72,416,115,130,308,2907,2020/4/28
1773,68,374,112,132,343,2801,2020/4/27
1812,70,363,115,132,320,2813,2020/4/26
1883,71,373,115,121,411,2975,2020/4/25
1944,73,361,115,118,381,2993,2020/4/24
1964,72,369,115,111,352,2983,2020/4/23
1959,75,368,116,132,318,2968,2020/4/22
1919,73,342,116,129,297,2877,2020/4/21
1937,70,357,115,127,333,2940,2020/4/20
1931,73,366,112,136,317,2935,2020/4/19
1958,78,368,106,148,321,2979,2020/4/18
1985,74,397,107,166,324,3053,2020/4/17
1993,78,388,107,162,319,3047,2020/4/16
1965,77,388,106,160,318,3015,2020/4/15
1985,77,371,106,167,346,3052,2020/4/14
1955,81,360,105,143,342,2987,2020/4/13
1908,86,348,114,127,307,2890,2020/4/12
1924,85,329,116,132,290,2875,2020/4/11
1865,82,301,115,136,287,2786,2020/4/10
1846,78,291,115,146,299,2775,2020/4/9
1838,78,300,115,146,303,2781,2020/4/8
1835,75,301,115,156,318,2800,2020/4/7
1895,78,296,110,155,294,2829,2020/4/6
1851,75,319,111,154,311,2821,2020/4/5
1901,80,325,111,154,293,2864,2020/4/4
1869,77,330,113,161,320,2870,2020/4/3
1879,82,328,115,150,311,2864,2020/4/2
1799,85,332,115,148,306,2785,2020/4/1
1769,85,322,119,137,331,2763,2020/3/31
1727,78,339,122,136,316,2717,2020/3/30
1728,75,334,123,126,299,2685,2020/3/29
1742,75,304,123,130,300,2674,2020/3/28
1744,73,298,116,123,287,2642,2020/3/27
1801,72,297,117,114,302,2702,2020/3/26
1945,76,272,121,132,280,2827,2020/3/25
2149,76,288,121,128,275,3038,2020/3/24
2311,75,291,122,118,270,3187,2020/3/23
2211,76,265,127,131,276,3086,2020/3/22
2538,87,303,129,159,325,3541,2020/3/21
2589,88,309,128,137,349,3599,2020/3/20
2698,87,315,127,152,294,3672,2020/3/19
2670,89,315,126,154,321,3674,2020/3/18
2601,89,325,123,154,357,3649,2020/3/17
2501,86,332,121,146,377,3563,2020/3/16
2399,84,287,118,135,367,3391,2020/3/15
2515,85,310,110,141,335,3496,2020/3/14
2547,87,321,105,127,312,3500,2020/3/13
2501,84,317,105,105,350,3463,2020/3/12
2337,78,299,105,94,365,3279,2020/3/11
2220,73,271,105,101,370,3140,2020/3/10
2518,84,294,105,127,322,3450,2020/3/9
2541,79,287,106,123,292,3428,2020/3/8
2626,83,291,105,118,266,3488,2020/3/7
2514,73,295,106,125,340,3454,2020/3/6
2617,76,320,105,139,355,3611,2020/3/5
2679,79,317,105,136,351,3667,2020/3/4
2750,85,330,106,141,316,3727,2020/3/3
2712,86,306,104,139,291,3638,2020/3/2
2514,79,269,100,138,326,3426,2020/3/1
2700,77,326,100,138,326,3666,2020/2/29
2734,74,332,100,147,344,3731,2020/2/28
2732,78,327,101,134,314,3685,2020/2/27
2789,88,315,100,126,302,3719,2020/2/26
2770,94,318,100,124,286,3693,2020/2/25
2744,90,322,100,122,318,3696,2020/2/24
2618,90,286,101,107,366,3566,2020/2/23
2669,98,288,101,113,400,3670,2020/2/22
2672,94,294,100,114,388,3663,2020/2/21
2770,92,313,100,128,386,3789,2020/2/20
2869,92,314,99,129,326,3829,2020/2/19
2875,93,305,100,137,317,3827,2020/2/18
2798,90,296,94,126,362,3766,2020/2/17
2754,82,265,93,116,330,3641,2020/2/16
2869,87,298,81,124,276,3735,2020/2/15
2843,93,300,79,120,304,3738,2020/2/14
2836,96,287,80,123,321,3743,2020/2/13
2759,96,301,84,115,376,3730,2020/2/12
2724,98,292,98,114,384,3710,2020/2/11
2680,92,269,89,115,365,3611,2020/2/10
2601,93,264,84,108,348,3499,2020/2/9
2717,96,286,88,112,351,3650,2020/2/8
2802,87,298,91,114,311,3702,2020/2/7
2797,80,299,97,107,318,3698,2020/2/6
2767,78,291,97,112,314,3660,2020/2/5
2757,81,292,96,111,304,3642,2020/2/4
2654,85,301,96,113,329,3577,2020/2/3
2544,83,260,97,102,378,3464,2020/2/2
2663,92,279,96,102,337,3571,2020/2/1
2744,91,305,97,102,299,3638,2020/1/31
2732,89,312,97,105,289,3623,2020/1/30
2744,83,307,97,100,266,3597,2020/1/29
2711,78,298,97,104,312,3599,2020/1/28
2683,82,295,96,103,305,3565,2020/1/27
2569,85,274,94,97,270,3389,2020/1/26
2692,89,314,97,111,277,3581,2020/1/25
2685,85,306,97,103,348,3623,2020/1/24
2595,86,291,96,100,420,3588,2020/1/23
2570,80,283,96,105,447,3581,2020/1/22
2656,84,301,89,114,334,3578,2020/1/21
2605,86,309,83,111,312,3505,2020/1/20
2445,80,269,92,97,334,3317,2020/1/19
2591,81,287,97,102,295,3453,2020/1/18
2568,83,290,89,104,277,3412,2020/1/17
2469,79,276,92,95,321,3331,2020/1/16
2510,77,269,108,94,328,3386,2020/1/15
2609,80,305,98,96,272,3460,2020/1/14
2666,81,297,92,99,272,3508,2020/1/13
2607,74,256,92,103,301,3433,2020/1/12
2619,76,273,98,107,355,3528,2020/1/11
2582,74,274,95,105,409,3539,2020/1/10
2601,75,289,95,98,330,3487,2020/1/9
2651,77,271,97,99,289,3484,2020/1/8
2663,76,307,97,101,286,3531,2020/1/7
2593,78,307,97,97,316,3487,2020/1/6
2531,84,273,97,96,282,3364,2020/1/5
2680,81,299,101,107,211,3479,2020/1/4
2627,86,295,101,106,267,3481,2020/1/3
2601,81,298,110,104,287,3480,2020/1/2
2571,78,280,110,106,320,3464,2020/1/1
2678,81,303,106,108,290,3568,2019/12/31
2657,82,297,100,99,317,3553,2019/12/30
2544,82,277,100,100,330,3433,2019/12/29
2608,88,275,101,98,348,3517,2019/12/28
2649,92,286,101,112,315,3555,2019/12/27
2687,91,281,99,121,265,3545,2019/12/26
2601,90,288,100,105,313,3497,2019/12/25
2612,91,309,101,104,318,3534,2019/12/24
2535,90,320,101,102,335,3483,2019/12/23
2427,80,272,101,96,378,3353,2019/12/22
2556,85,290,102,103,313,3448,2019/12/21
2613,87,309,102,103,253,3466,2019/12/20
2522,84,289,102,104,311,3413,2019/12/19
2458,83,300,101,104,331,3377,2019/12/18
2375,82,287,99,100,389,3331,2019/12/17
2306,78,300,104,94,369,3250,2019/12/16
2254,74,279,104,84,334,3130,2019/12/15
2390,76,307,111,90,266,3240,2019/12/14
2355,73,291,106,90,262,3179,2019/12/13
2558,77,288,105,97,252,3377,2019/12/12
2597,81,315,105,108,234,3439,2019/12/11
2523,82,328,106,109,259,3407,2019/12/10
2372,83,350,104,113,301,3323,2019/12/9
2280,85,314,104,101,302,3187,2019/12/8
2340,87,332,108,105,335,3306,2019/12/7
2367,83,324,110,113,324,3322,2019/12/6
2346,98,316,99,113,358,3329,2019/12/5
2343,79,296,103,114,333,3268,2019/12/4
2309,76,303,100,115,319,3222,2019/12/3
2308,67,327,96,105,287,3191,2019/12/2
2252,60,291,102,98,265,3068,2019/12/1
2334,72,320,110,107,328,3272,2019/11/30
2347,73,325,117,110,337,3309,2019/11/29
2345,73,316,116,104,338,3292,2019/11/28
2413,70,310,112,102,335,3341,2019/11/27
2436,73,304,112,110,331,3365,2019/11/26
2413,79,316,111,120,303,3342,2019/11/25
2324,87,284,137,85,293,3210,2019/11/24
2451,93,347,111,119,214,3335,2019/11/23
2470,96,336,111,95,246,3354,2019/11/22
2428,84,318,111,139,268,3349,2019/11/21
2420,89,328,111,123,278,3348,2019/11/20
2390,88,331,113,113,267,3302,2019/11/19
2262,76,303,113,106,297,3156,2019/11/18
2376,81,311,113,123,309,3312,2019/11/17
2380,84,323,111,124,252,3274,2019/11/16
2383,88,333,111,116,230,3262,2019/11/15
2366,88,343,111,122,239,3270,2019/11/14
2372,83,346,108,118,249,3276,2019/11/13
2337,81,369,107,125,238,3257,2019/11/12
2292,77,382,107,113,231,3202,2019/11/11
2141,67,362,107,101,246,3024,2019/11/10
2175,70,397,107,106,278,3132,2019/11/9
2226,76,360,100,102,292,3156,2019/11/8
2308,77,363,106,100,225,3179,2019/11/7
2385,81,392,106,109,196,3270,2019/11/6
2328,76,420,109,116,196,3245,2019/11/5
2236,76,438,111,113,188,3163,2019/11/4
2097,74,430,111,96,168,2976,2019/11/3
2141,81,450,102,103,191,3067,2019/11/2
2079,80,454,109,102,223,3047,2019/11/1
2026,80,450,121,99,237,3014,2019/10/31
1948,78,448,123,97,229,2922,2019/10/30
1881,78,431,119,96,215,2820,2019/10/29
1783,72,431,117,95,200,2698,2019/10/28
1850,70,416,113,94,222,2765,2019/10/27
1983,74,435,112,96,305,3005,2019/10/26
2116,78,439,114,103,285,3135,2019/10/25
2138,83,438,117,120,263,3158,2019/10/24
2209,83,454,115,134,227,3220,2019/10/23
2240,85,476,106,131,199,3239,2019/10/22
2223,82,457,103,130,206,3202,2019/10/21
2259,82,407,103,128,215,3194,2019/10/20
2385,83,421,103,134,243,3369,2019/10/19
2445,88,460,116,139,215,3463,2019/10/18
2484,91,494,109,139,202,3519,2019/10/17
2502,87,494,93,140,214,3530,2019/10/16
2479,81,525,93,144,213,3536,2019/10/15
2415,80,529,113,144,213,3495,2019/10/14
2316,77,509,116,140,200,3358,2019/10/13
2393,78,534,116,139,194,3455,2019/10/12
2376,75,581,117,140,184,3473,2019/10/11
2320,74,590,117,144,195,3439,2019/10/10
2191,73,590,117,139,204,3313,2019/10/9
2052,63,556,117,133,209,3129,2019/10/8
2228,69,528,116,132,202,3274,2019/10/7
2211,69,539,116,138,207,3280,2019/10/6
2294,75,564,113,138,207,3391,2019/10/5
2240,78,582,113,144,228,3383,2019/10/4
2152,76,630,112,148,235,3353,2019/10/3
2001,74,637,112,127,236,3187,2019/10/2
2006,74,679,113,132,280,3282,2019/10/1
1915,72,703,112,135,254,3191,2019/9/30
1820,66,665,112,127,258,3048,2019/9/29
1991,76,687,112,145,231,3241,2019/9/28
2096,74,703,114,142,214,3344,2019/9/27
2176,77,691,115,146,225,3430,2019/9/26
2265,76,694,116,154,220,3526,2019/9/25
2356,77,691,116,164,188,3592,2019/9/24
2389,78,686,116,146,219,3633,2019/9/23
2254,74,695,115,135,237,3511,2019/9/22
2435,79,714,113,153,263,3757,2019/9/21
2418,76,727,104,158,284,3767,2019/9/20
2370,73,738,104,153,262,3700,2019/9/19
2372,70,734,103,159,278,3717,2019/9/18
2394,73,750,107,147,328,3800,2019/9/17
2339,80,794,115,133,397,3858,2019/9/16
2266,77,773,116,125,377,3733,2019/9/15
2342,74,773,117,135,387,3827,2019/9/14
2322,71,790,118,129,410,3839,2019/9/13
2346,73,795,119,128,428,3888,2019/9/12
2429,78,793,119,142,396,3957,2019/9/11
2399,81,814,119,132,415,3959,2019/9/10
2305,76,816,119,125,443,3883,2019/9/9
2182,71,794,116,110,421,3693,2019/9/8
2263,75,812,113,134,438,3835,2019/9/7
2322,76,791,114,128,448,3878,2019/9/6
2353,69,746,113,122,432,3835,2019/9/5
2399,65,735,114,121,390,3824,2019/9/4
2422,59,717,113,125,375,3812,2019/9/3
2378,55,706,114,113,346,3712,2019/9/2
2368,57,698,114,126,346,3707,2019/9/1
2574,68,707,114,136,400,3998,2019/8/31
2604,73,705,114,130,416,4041,2019/8/30
2621,73,751,114,135,370,4064,2019/8/29
2576,77,748,114,123,370,4008,2019/8/28
2455,81,733,113,112,422,3916,2019/8/27
2347,71,700,113,113,419,3763,2019/8/26
2258,64,629,114,108,430,3603,2019/8/25
2267,65,730,114,108,461,3746,2019/8/24
2354,64,727,114,134,437,3830,2019/8/23
2342,62,727,113,117,424,3785,2019/8/22
2284,73,751,113,121,447,3791,2019/8/21
2308,76,755,112,127,329,3706,2019/8/20
2246,77,690,114,121,305,3553,2019/8/19
2064,70,664,114,110,306,3329,2019/8/18
2091,65,758,111,105,352,3482,2019/8/17
2091,60,744,115,101,447,3558,2019/8/16
1978,59,722,83,103,407,3351,2019/8/15
2262,64,733,112,117,442,3729,2019/8/14
2318,69,716,111,133,432,3779,2019/8/13
2335,79,714,106,138,448,3820,2019/8/12
2165,69,696,112,113,506,3661,2019/8/11
2127,77,695,110,122,529,3660,2019/8/10
2127,77,600,110,122,529,3566,2019/8/9
2185,76,608,110,121,468,3568,2019/8/8
2118,71,614,113,121,521,3558,2019/8/7
2196,75,610,113,130,532,3657,2019/8/6
2288,76,609,113,125,543,3754,2019/8/5
2192,75,564,113,106,490,3540,2019/8/4
2241,76,583,119,113,490,3622,2019/8/3
2277,77,579,119,113,513,3678,2019/8/2
2340,72,573,119,113,543,3759,2019/8/1
2353,78,543,119,114,525,3731,2019/7/31
2349,75,556,118,112,474,3684,2019/7/30
2222,71,543,118,115,520,3589,2019/7/29
2089,73,536,119,111,511,3438,2019/7/28
2208,72,516,118,113,541,3567,2019/7/27
2353,74,538,118,112,514,3710,2019/7/26
2490,71,523,118,116,514,3832,2019/7/25
2714,77,548,118,127,471,4054,2019/7/24
2825,80,555,118,128,365,4071,2019/7/23
2747,79,573,118,127,358,4000,2019/7/22
2624,75,551,118,110,349,3827,2019/7/21
2693,79,560,119,147,341,3939,2019/7/20
2697,83,549,118,172,357,3976,2019/7/19
2641,78,569,114,144,414,3959,2019/7/18
2549,72,537,118,107,452,3836,2019/7/17
2397,63,558,116,114,540,3788,2019/7/16
2389,66,542,112,111,598,3818,2019/7/15
2324,64,531,109,109,570,3708,2019/7/14
2491,70,566,112,111,533,3883,2019/7/13
2497,71,583,112,117,512,3890,2019/7/12
2351,62,566,112,110,594,3794,2019/7/11
2379,63,550,111,108,591,3802,2019/7/10
2353,65,545,79,103,593,3738,2019/7/9
2378,67,567,111,115,581,3818,2019/7/8
2236,72,546,110,106,545,3616,2019/7/7
2408,78,515,110,110,548,3769,2019/7/6
2507,81,533,108,109,552,3890,2019/7/5
2605,81,532,108,114,534,3973,2019/7/4
2671,86,548,109,142,484,4041,2019/7/3
2644,85,522,108,128,461,3949,2019/7/2
2674,79,524,112,112,479,3980,2019/7/1
2571,79,502,113,104,512,3881,2019/6/30
2704,82,504,113,112,540,4054,2019/6/29
2714,79,509,112,112,556,4082,2019/6/28
2750,81,505,112,114,516,4079,2019/6/27
2811,85,511,112,128,420,4066,2019/6/26
2835,84,505,112,134,367,4038,2019/6/25
2765,78,503,113,140,324,3923,2019/6/24
2674,80,472,113,135,354,3827,2019/6/23
2780,89,463,112,152,381,3975,2019/6/22
2820,84,486,112,141,415,4059,2019/6/21
2754,75,476,112,131,484,4031,2019/6/20
2698,68,485,111,127,519,4009,2019/6/19
2618,70,492,107,119,529,3935,2019/6/18
2595,66,513,109,124,613,4020,2019/6/17
2553,64,500,112,121,558,3908,2019/6/16
2756,68,481,117,135,554,4110,2019/6/15
2853,76,479,97,136,488,4128,2019/6/14
2683,70,483,117,131,488,3972,2019/6/13
2751,70,484,109,150,427,3990,2019/6/12
2891,76,493,117,153,460,4187,2019/6/11
2879,73,491,113,123,359,4038,2019/6/10
2910,77,516,107,142,344,4096,2019/6/9
2879,71,507,81,142,379,4060,2019/6/8
2939,72,499,81,139,374,4105,2019/6/7
2986,73,505,82,143,389,4177,2019/6/6
2829,70,502,92,141,471,4104,2019/6/4
2732,66,476,104,131,493,4002,2019/6/3
2803,82,468,104,123,445,4025,2019/6/2
2879,92,484,104,132,415,4106,2019/6/1
2995,87,459,110,142,392,4186,2019/5/31
3073,83,435,116,146,378,4232,2019/5/30
3060,85,418,116,146,380,4205,2019/5/29
3003,83,451,116,147,399,4199,2019/5/28
2942,80,463,116,130,374,4107,2019/5/27
2768,78,431,117,121,412,3926,2019/5/26
2851,89,450,116,130,368,4003,2019/5/25
2860,87,479,116,130,367,4038,2019/5/24
2971,90,509,115,141,362,4188,2019/5/23
3003,86,477,114,136,332,4148,2019/5/22
3004,91,499,115,141,322,4171,2019/5/21
2908,91,514,113,141,307,4075,2019/5/20
2770,79,469,111,121,324,3874,2019/5/19
2767,74,479,104,117,338,3880,2019/5/18
2835,78,454,94,122,360,3942,2019/5/17
2883,83,436,91,121,352,3967,2019/5/16
2821,82,454,92,122,393,3964,2019/5/15
2749,72,459,95,131,444,3951,2019/5/14
2801,79,451,95,140,399,3964,2019/5/13
2774,83,474,95,133,338,3897,2019/5/12
2858,84,509,95,135,380,4061,2019/5/11
2902,83,519,95,129,388,4116,2019/5/10
2851,74,489,95,129,468,4107,2019/5/9
2810,71,449,95,132,508,4065,2019/5/8
2792,73,453,95,130,477,4019,2019/5/7
2794,78,492,95,123,368,3950,2019/5/6
2627,76,469,96,114,346,3728,2019/5/5
2577,74,472,95,124,444,3787,2019/5/4
2537,77,451,95,130,475,3765,2019/5/3
2619,71,474,95,134,467,3859,2019/5/2
2623,71,445,95,120,434,3788,2019/5/1
2824,73,443,95,123,456,4014,2019/4/30
2921,81,447,95,127,358,4028,2019/4/29
2842,80,443,94,113,309,3881,2019/4/28
2959,87,462,93,123,310,4034,2019/4/27
2960,89,466,91,130,309,4045,2019/4/26
2963,90,454,92,124,310,4033,2019/4/25
2855,85,422,91,124,328,3905,2019/4/24
2793,77,396,91,124,326,3807,2019/4/23
2770,81,372,92,123,319,3758,2019/4/22
2617,83,336,94,121,309,3560,2019/4/21
2702,86,348,96,115,304,3651,2019/4/20
2650,81,338,96,117,304,3585,2019/4/19
2588,81,356,96,113,297,3531,2019/4/18
2512,85,384,95,115,300,3490,2019/4/17
2657,83,377,92,135,321,3666,2019/4/16
2836,92,363,93,132,355,3871,2019/4/15
2791,93,362,87,124,305,3763,2019/4/14
2880,94,375,85,134,326,3894,2019/4/13
2901,96,388,82,141,310,3919,2019/4/12
2808,99,427,87,131,334,3884,2019/4/11
2848,101,370,86,134,316,3854,2019/4/10
2825,93,342,86,129,350,3826,2019/4/9
2868,87,346,87,125,330,3844,2019/4/8
2628,84,327,87,113,330,3569,2019/4/7
2854,92,338,87,114,330,3815,2019/4/6
2910,93,339,88,123,333,3886,2019/4/5
2977,99,342,88,124,304,3933,2019/4/4
2935,96,366,89,125,291,3900,2019/4/3
2895,88,352,88,126,283,3832,2019/4/2
2781,86,350,88,110,303,3718,2019/4/1
2723,89,324,87,97,340,3660,2019/3/31
3009,91,351,87,106,322,3967,2019/3/30
2969,90,333,88,109,295,3885,2019/3/29
2933,90,308,92,109,290,3822,2019/3/28
2900,91,308,91,111,287,3787,2019/3/27
2852,92,307,91,108,302,3752,2019/3/26
2853,94,291,91,105,294,3728,2019/3/25
2751,91,273,89,109,293,3605,2019/3/24
2760,88,286,86,111,292,3622,2019/3/23
2637,89,286,86,105,296,3499,2019/3/22
2511,85,280,85,97,300,3358,2019/3/21
2848,94,296,85,114,300,3738,2019/3/20
2860,81,301,85,117,299,3742,2019/3/19
2803,83,278,86,122,281,3653,2019/3/18
2688,87,260,91,110,308,3544,2019/3/17
2750,82,279,91,115,350,3667,2019/3/16
2744,88,290,90,116,337,3666,2019/3/15
2797,87,276,89,114,311,3675,2019/3/14
2821,101,283,82,114,301,3702,2019/3/13
2817,104,276,90,114,301,3702,2019/3/12
2797,92,277,91,113,297,3668,2019/3/11
2726,79,250,90,109,280,3536,2019/3/10
2775,85,285,90,96,296,3628,2019/3/9
2789,86,283,91,103,305,3657,2019/3/8
2795,101,281,90,104,278,3651,2019/3/7
2727,95,272,93,102,290,3580,2019/3/6
2718,94,272,95,105,300,3584,2019/3/5
2647,93,266,96,102,284,3488,2019/3/4
2564,80,253,95,105,265,3362,2019/3/3
2646,80,267,94,105,341,3533,2019/3/2
2707,87,280,94,110,289,3566,2019/3/1
2634,81,276,93,104,307,3495,2019/2/28
2644,82,272,97,105,295,3495,2019/2/27
2669,80,282,98,107,308,3544,2019/2/26
2656,90,290,97,105,288,3526,2019/2/25
2596,79,283,97,111,295,3462,2019/2/24
2663,86,296,96,110,319,3570,2019/2/23
2664,89,309,93,111,317,3583,2019/2/22
2674,90,288,90,106,307,3555,2019/2/21
2673,91,261,90,111,299,3525,2019/2/20
2694,91,275,91,113,256,3519,2019/2/19
2578,89,255,91,113,297,3423,2019/2/18
2549,91,245,91,101,277,3354,2019/2/17
2586,91,261,91,102,278,3409,2019/2/16
2599,97,272,76,109,269,3424,2019/2/15
2646,95,246,80,108,299,3474,2019/2/14
2653,91,238,81,105,335,3503,2019/2/13
2607,82,224,86,98,365,3461,2019/2/12
2577,80,235,79,93,332,3396,2019/2/11
2551,83,223,64,95,282,3298,2019/2/10
2610,84,240,64,94,278,3369,2019/2/9
2603,86,248,76,98,260,3370,2019/2/8
2560,82,223,81,99,318,3363,2019/2/7
2673,81,247,88,100,305,3495,2019/2/6
2683,82,251,90,101,288,3495,2019/2/5
2549,81,247,83,102,339,3401,2019/2/4
2485,78,227,86,104,335,3315,2019/2/3
2567,78,246,84,106,327,3409,2019/2/2
2586,71,254,86,102,321,3419,2019/2/1
2634,77,239,87,106,282,3425,2019/1/31
2644,80,238,86,111,279,3437,2019/1/30
2581,82,245,85,107,283,3383,2019/1/29
2511,86,247,85,111,290,3330,2019/1/28
2378,84,229,85,106,274,3156,2019/1/27
2380,85,230,84,110,271,3160,2019/1/26
2564,84,247,82,114,251,3342,2019/1/25
2614,85,243,83,108,283,3416,2019/1/24
2654,89,257,83,118,230,3430,2019/1/23
2539,89,261,83,116,238,3326,2019/1/22
2548,88,243,85,115,291,3370,2019/1/21
2578,96,224,87,117,265,3366,2019/1/20
2675,101,248,87,117,247,3475,2019/1/19
2679,98,249,87,124,262,3499,2019/1/18
2637,91,245,87,123,258,3441,2019/1/17
2626,88,241,86,123,240,3403,2019/1/16
2567,80,236,86,122,272,3363,2019/1/15
2496,87,232,87,119,329,3348,2019/1/14
2562,94,218,87,122,289,3371,2019/1/13
2698,99,249,87,128,250,3511,2019/1/12
2714,99,253,86,130,250,3532,2019/1/11
2670,92,257,87,142,260,3509,2019/1/10
2669,96,249,86,130,256,3487,2019/1/9
2683,91,242,87,129,261,3493,2019/1/8
2593,92,251,87,117,300,3440,2019/1/7
2513,92,224,87,119,300,3336,2019/1/6
2646,97,238,87,123,262,3454,2019/1/5
2663,96,242,87,130,267,3484,2019/1/4
2642,99,261,85,116,258,3461,2019/1/3
2611,94,247,76,124,261,3413,2019/1/2
2581,90,241,75,122,266,3376,2019/1/1
2587,92,254,80,125,273,3411,2018/12/31
2523,90,233,74,122,284,3326,2018/12/30
2631,95,251,73,121,269,3440,2018/12/29
2715,95,256,81,118,247,3512,2018/12/28
2715,93,262,78,120,232,3500,2018/12/27
2676,89,272,80,118,244,3480,2018/12/26
2618,84,267,81,115,259,3424,2018/12/25
2588,85,260,80,115,274,3403,2018/12/24
2546,91,226,80,119,255,3317,2018/12/23
2641,97,269,79,115,234,3436,2018/12/22
2624,99,288,80,123,229,3443,2018/12/21
2567,94,291,80,120,248,3400,2018/12/20
2527,96,285,80,121,247,3356,2018/12/19
2502,96,256,80,110,262,3306,2018/12/18
2469,94,250,83,119,283,3298,2018/12/17
2418,86,232,85,116,321,3258,2018/12/16
2476,84,254,84,119,367,3384,2018/12/15
2552,84,241,84,116,322,3400,2018/12/14
2604,90,255,85,118,264,3415,2018/12/13
2622,35,315,85,116,240,3413,2018/12/12
2662,35,270,85,119,222,3393,2018/12/11
2635,86,257,85,121,213,3396,2018/12/10
2557,83,239,85,117,244,3324,2018/12/9
2644,86,258,85,117,247,3436,2018/12/8
2651,82,253,84,123,240,3434,2018/12/7
2679,85,266,83,116,216,3445,2018/12/6
2667,81,270,80,116,209,3423,2018/12/5
2637,86,252,80,114,254,3372,2018/12/4
2576,87,250,80,116,266,3375,2018/12/3
2511,86,219,80,113,249,3259,2018/12/2
2600,94,250,79,114,251,3388,2018/12/1
2615,93,260,80,120,257,3426,2018/11/30
2631,97,266,80,120,249,3442,2018/11/29
